band1, band2, band3, band4, isAlgalBloom, lat, long, prob isWater
2637,11220,8816,6787,0,41.6795211131226,-83.4419613238202,0.0
2637,11220,8816,6787,0,41.6795211131226,-83.42623864225465,0.0
2637,11220,8816,6787,0,41.6795211131226,-83.41051596068908,0.0
2413,11906,9056,6476,0,41.6795211131226,-83.39479327912355,0.0
2413,11906,9056,6476,0,41.6795211131226,-83.37907059755798,0.0
1875,12236,7509,4793,0,41.6795211131226,-83.36334791599243,0.01
1875,12236,7509,4793,0,41.6795211131226,-83.34762523442689,0.01
1670,7753,2397,1521,0,41.6795211131226,-83.33190255286132,0.7233333333333334
2363,11410,7767,65528,0,41.6795211131226,-83.31617987129579,0.06
1693,6801,2188,65528,0,41.6795211131226,-83.30045718973022,0.8983333333333334
1693,6801,2188,65528,0,41.6795211131226,-83.28473450816468,0.8983333333333334
1693,6801,2188,65528,0,41.6795211131226,-83.26901182659913,0.8983333333333334
2907,12055,9276,65528,0,41.66379843155705,-83.4419613238202,0.04
2779,11586,9393,65528,0,41.66379843155705,-83.42623864225465,0.04
2779,11586,9393,65528,0,41.66379843155705,-83.41051596068908,0.04
2337,11742,9305,65528,0,41.66379843155705,-83.39479327912355,0.04
2468,11135,9314,65528,0,41.66379843155705,-83.37907059755798,0.05
1912,11852,8639,65528,0,41.66379843155705,-83.36334791599243,0.04
2387,11573,9080,7771,0,41.66379843155705,-83.34762523442689,0.0
1912,11852,8639,65528,0,41.66379843155705,-83.33190255286132,0.04
1716,7214,3713,65528,0,41.66379843155705,-83.31617987129579,0.9159999999999999
2297,11188,7444,6671,0,41.66379843155705,-83.30045718973022,0.03
1743,8384,4531,2757,0,41.66379843155705,-83.28473450816468,0.664
1743,8384,4531,2757,0,41.66379843155705,-83.26901182659913,0.664
3797,12376,10845,9266,0,41.64807574999149,-83.4419613238202,0.0
2779,11586,9393,65528,0,41.64807574999149,-83.42623864225465,0.04
2779,11586,9393,65528,0,41.64807574999149,-83.41051596068908,0.04
2337,11742,9305,65528,0,41.64807574999149,-83.39479327912355,0.04
2337,11742,9305,65528,0,41.64807574999149,-83.37907059755798,0.04
2547,11465,9038,65528,0,41.64807574999149,-83.36334791599243,0.08
1912,11852,8639,65528,0,41.64807574999149,-83.34762523442689,0.04
1716,7214,3713,65528,0,41.64807574999149,-83.33190255286132,0.9159999999999999
1716,7214,3713,65528,0,41.64807574999149,-83.31617987129579,0.9159999999999999
1716,7214,3713,65528,0,41.64807574999149,-83.30045718973022,0.9159999999999999
1200,1651,583,65528,0,41.64807574999149,-83.28473450816468,1.0
1761,12276,7033,65528,0,41.64807574999149,-83.26901182659913,0.04
2463,11047,8395,65528,0,41.63235306842594,-83.4419613238202,0.03
2716,11496,8851,65528,0,41.63235306842594,-83.42623864225465,0.04
2716,11496,8851,65528,0,41.63235306842594,-83.41051596068908,0.04
2876,11412,9402,65528,0,41.63235306842594,-83.39479327912355,0.04
2876,11412,9402,65528,0,41.63235306842594,-83.37907059755798,0.04
2876,11412,9402,65528,0,41.63235306842594,-83.36334791599243,0.04
2355,12561,9496,65528,0,41.63235306842594,-83.34762523442689,0.04
2355,12561,9496,65528,0,41.63235306842594,-83.33190255286132,0.04
2363,11946,9134,7335,0,41.63235306842594,-83.31617987129579,0.0
2363,11946,9134,7335,0,41.63235306842594,-83.30045718973022,0.0
1907,11693,7365,4457,0,41.63235306842594,-83.28473450816468,0.06
1907,11693,7365,4457,0,41.63235306842594,-83.26901182659913,0.06
5566,14283,10330,9723,0,41.61663038686039,-83.4419613238202,0.0
3109,12734,9680,8110,0,41.61663038686039,-83.42623864225465,0.0
3109,12734,9680,8110,0,41.61663038686039,-83.41051596068908,0.0
2551,12014,9515,7949,0,41.61663038686039,-83.39479327912355,0.0
2551,12014,9515,7949,0,41.61663038686039,-83.37907059755798,0.0
2551,12014,9515,7949,0,41.61663038686039,-83.36334791599243,0.0
2522,11553,9497,8134,0,41.61663038686039,-83.34762523442689,0.0
2636,11740,9627,8426,0,41.61663038686039,-83.33190255286132,0.0
2498,12161,9534,7903,0,41.61663038686039,-83.31617987129579,0.0
2498,12161,9534,7903,0,41.61663038686039,-83.30045718973022,0.0
2369,12087,9595,7897,0,41.61663038686039,-83.28473450816468,0.0
2369,12087,9595,7897,0,41.61663038686039,-83.26901182659913,0.0
5918,14345,11113,10047,0,41.60090770529484,-83.4419613238202,0.0
4622,14176,10310,9161,0,41.60090770529484,-83.42623864225465,0.0
4622,14176,10310,9161,0,41.60090770529484,-83.41051596068908,0.0
4622,14176,10310,9161,0,41.60090770529484,-83.39479327912355,0.0
2547,12107,9455,7972,0,41.60090770529484,-83.37907059755798,0.0
2547,12107,9455,7972,0,41.60090770529484,-83.36334791599243,0.0
2692,12017,9920,8561,0,41.60090770529484,-83.34762523442689,0.0
2692,12017,9920,8561,0,41.60090770529484,-83.33190255286132,0.0
2368,12152,9582,7932,0,41.60090770529484,-83.31617987129579,0.0
2368,12152,9582,7932,0,41.60090770529484,-83.30045718973022,0.0
2419,11723,9469,7845,0,41.60090770529484,-83.28473450816468,0.0
2419,11723,9469,7845,0,41.60090770529484,-83.26901182659913,0.0
4885,12805,10952,10206,0,41.58518502372929,-83.4419613238202,0.0
4059,12946,10802,9556,0,41.58518502372929,-83.42623864225465,0.0
4059,12946,10802,9556,0,41.58518502372929,-83.41051596068908,0.0
4059,12946,10802,9556,0,41.58518502372929,-83.39479327912355,0.0
2624,12206,9835,65528,0,41.58518502372929,-83.37907059755798,0.05
2624,12206,9835,65528,0,41.58518502372929,-83.36334791599243,0.05
2634,12136,9936,65528,0,41.58518502372929,-83.34762523442689,0.04
2634,12136,9936,65528,0,41.58518502372929,-83.33190255286132,0.04
2347,12068,9495,65528,0,41.58518502372929,-83.31617987129579,0.04
2347,12068,9495,65528,0,41.58518502372929,-83.30045718973022,0.04
2347,12068,9495,65528,0,41.58518502372929,-83.28473450816468,0.04
2441,11661,9240,65528,0,41.58518502372929,-83.26901182659913,0.04
4418,12232,9157,65528,0,41.56946234216373,-83.4419613238202,0.0
2972,11951,9722,65528,0,41.56946234216373,-83.42623864225465,0.04
2705,11765,9592,7787,0,41.56946234216373,-83.41051596068908,0.0
2321,11916,9541,7465,0,41.56946234216373,-83.39479327912355,0.0
2680,12224,9897,65528,0,41.56946234216373,-83.37907059755798,0.05
2222,12649,9579,7360,0,41.56946234216373,-83.36334791599243,0.0
2634,12136,9936,65528,0,41.56946234216373,-83.34762523442689,0.04
2634,12136,9936,65528,0,41.56946234216373,-83.33190255286132,0.04
2347,12068,9495,65528,0,41.56946234216373,-83.31617987129579,0.04
2347,12068,9495,65528,0,41.56946234216373,-83.30045718973022,0.04
2347,12068,9495,65528,0,41.56946234216373,-83.28473450816468,0.04
2441,11661,9240,65528,0,41.56946234216373,-83.26901182659913,0.04
1373,3842,852,65528,0,41.68252467986524,-83.44293628004135,0.9616666666666666
1373,3842,852,65528,0,41.68252467986524,-83.42887448486073,0.9616666666666666
2112,12395,7239,65528,0,41.68252467986524,-83.4148126896801,0.04
1197,1868,1358,65528,0,41.68252467986524,-83.40075089449947,1.0
1197,1868,1358,65528,0,41.68252467986524,-83.38668909931884,1.0
1295,5146,2391,65528,0,41.68252467986524,-83.3726273041382,1.0
2240,11906,8759,7024,0,41.68252467986524,-83.35856550895758,0.0
2039,12064,8020,65528,0,41.68252467986524,-83.34450371377694,0.06
1812,8542,2974,65528,0,41.68252467986524,-83.33044191859632,0.8540000000000001
2066,10470,4907,4925,0,41.68252467986524,-83.31638012341568,0.48
1812,8542,2974,65528,0,41.68252467986524,-83.30231832823506,0.8540000000000001
1328,3230,679,517,0,41.68252467986524,-83.28825653305442,0.9966666666666667
1076,896,354,65528,0,41.68252467986524,-83.2741947378738,0.98
1373,3842,852,65528,0,41.66846288468461,-83.44293628004135,0.9616666666666666
1373,3842,852,65528,0,41.66846288468461,-83.42887448486073,0.9616666666666666
1373,3842,852,65528,0,41.66846288468461,-83.4148126896801,0.9616666666666666
2806,10308,8896,65528,0,41.66846288468461,-83.40075089449947,0.17
2476,11098,9334,7852,0,41.66846288468461,-83.38668909931884,0.0
2844,11653,9309,65528,0,41.66846288468461,-83.3726273041382,0.04
1295,5146,2391,65528,0,41.66846288468461,-83.35856550895758,1.0
1295,5146,2391,65528,0,41.66846288468461,-83.34450371377694,1.0
2270,10782,7705,65528,0,41.66846288468461,-83.33044191859632,0.15
1169,1247,414,65528,0,41.66846288468461,-83.31638012341568,1.0
2270,10782,7705,65528,0,41.66846288468461,-83.30231832823506,0.15
1076,896,354,65528,0,41.66846288468461,-83.28825653305442,0.98
1505,5417,1861,65528,0,41.66846288468461,-83.2741947378738,0.9649999999999999
1373,3842,852,65528,0,41.65440108950398,-83.44293628004135,0.9616666666666666
2649,11953,8976,65528,0,41.65440108950398,-83.42887448486073,0.07
1373,3842,852,65528,0,41.65440108950398,-83.4148126896801,0.9616666666666666
2806,10308,8896,65528,0,41.65440108950398,-83.40075089449947,0.17
2787,10792,8371,7673,0,41.65440108950398,-83.38668909931884,0.13
2732,11289,8961,8423,0,41.65440108950398,-83.3726273041382,0.01
2618,11576,9089,7714,0,41.65440108950398,-83.35856550895758,0.0
2618,11576,9089,7714,0,41.65440108950398,-83.34450371377694,0.0
2104,11829,7585,6128,0,41.65440108950398,-83.33044191859632,0.01
2104,11829,7585,6128,0,41.65440108950398,-83.31638012341568,0.01
2104,11829,7585,6128,0,41.65440108950398,-83.30231832823506,0.01
1677,8925,3569,2833,0,41.65440108950398,-83.28825653305442,0.6375
1677,8925,3569,2833,0,41.65440108950398,-83.2741947378738,0.6375
3218,12095,9741,8504,0,41.64033929432335,-83.44293628004135,0.0
3218,12095,9741,8504,0,41.64033929432335,-83.42887448486073,0.0
3218,12095,9741,8504,0,41.64033929432335,-83.4148126896801,0.0
2732,11289,8961,8423,0,41.64033929432335,-83.40075089449947,0.01
2732,11289,8961,8423,0,41.64033929432335,-83.38668909931884,0.01
2732,11289,8961,8423,0,41.64033929432335,-83.3726273041382,0.01
2367,12531,9592,7078,0,41.64033929432335,-83.35856550895758,0.0
2367,12531,9592,7078,0,41.64033929432335,-83.34450371377694,0.0
2151,12630,9260,6459,0,41.64033929432335,-83.33044191859632,0.03
2151,12630,9260,6459,0,41.64033929432335,-83.31638012341568,0.03
2151,12630,9260,6459,0,41.64033929432335,-83.30231832823506,0.03
1729,11853,7216,4414,0,41.64033929432335,-83.28825653305442,0.06
1729,11853,7216,4414,0,41.64033929432335,-83.2741947378738,0.06
3927,12415,9725,8765,0,41.62627749914272,-83.44293628004135,0.0
3927,12415,9725,8765,0,41.62627749914272,-83.42887448486073,0.0
3927,12415,9725,8765,0,41.62627749914272,-83.4148126896801,0.0
2654,12194,9253,7227,0,41.62627749914272,-83.40075089449947,0.0
2654,12194,9253,7227,0,41.62627749914272,-83.38668909931884,0.0
2654,12194,9253,7227,0,41.62627749914272,-83.3726273041382,0.0
2367,12531,9592,7078,0,41.62627749914272,-83.35856550895758,0.0
2574,11747,9553,8166,0,41.62627749914272,-83.34450371377694,0.0
2574,11747,9553,8166,0,41.62627749914272,-83.33044191859632,0.0
2492,11579,9120,7409,0,41.62627749914272,-83.31638012341568,0.0
2492,11579,9120,7409,0,41.62627749914272,-83.30231832823506,0.0
2191,11785,7703,5034,0,41.62627749914272,-83.28825653305442,0.01
2191,11785,7703,5034,0,41.62627749914272,-83.2741947378738,0.01
3317,11803,10252,8909,0,41.612215703962086,-83.44293628004135,0.02
3317,11803,10252,8909,0,41.612215703962086,-83.42887448486073,0.02
3406,13001,9818,8192,0,41.612215703962086,-83.40075089449947,0.0
3406,13001,9818,8192,0,41.612215703962086,-83.38668909931884,0.0
3406,13001,9818,8192,0,41.612215703962086,-83.3726273041382,0.0
2574,11747,9553,8166,0,41.612215703962086,-83.35856550895758,0.0
2574,11747,9553,8166,0,41.612215703962086,-83.34450371377694,0.0
2576,11729,9522,65528,0,41.612215703962086,-83.33044191859632,0.04
2589,11915,9655,65528,0,41.612215703962086,-83.31638012341568,0.04
2408,11366,8897,65528,0,41.612215703962086,-83.30231832823506,0.08
2629,11952,9219,65528,0,41.612215703962086,-83.28825653305442,0.04
2629,11952,9219,65528,0,41.612215703962086,-83.2741947378738,0.04
2771,12306,8727,65528,0,41.598153908781455,-83.44293628004135,0.05
2505,11886,9549,65528,0,41.598153908781455,-83.42887448486073,0.04
3796,12527,10616,65528,0,41.598153908781455,-83.4148126896801,0.01
3796,12527,10616,65528,0,41.598153908781455,-83.40075089449947,0.01
2978,12502,9736,65528,0,41.598153908781455,-83.38668909931884,0.05
2711,12030,9376,65528,0,41.598153908781455,-83.3726273041382,0.04
2576,11729,9522,65528,0,41.598153908781455,-83.35856550895758,0.04
2758,11940,9719,8441,0,41.598153908781455,-83.34450371377694,0.01
2758,11940,9719,8441,0,41.598153908781455,-83.33044191859632,0.01
2563,12024,9503,8379,0,41.598153908781455,-83.31638012341568,0.0
3144,11945,9496,65528,0,41.598153908781455,-83.30231832823506,0.04
2408,11366,8897,65528,0,41.598153908781455,-83.28825653305442,0.08
3076,12116,9698,8731,0,41.598153908781455,-83.2741947378738,0.0
2771,12306,8727,65528,0,41.584092113600825,-83.44293628004135,0.05
3796,12527,10616,65528,0,41.584092113600825,-83.42887448486073,0.01
3796,12527,10616,65528,0,41.584092113600825,-83.4148126896801,0.01
2978,12502,9736,65528,0,41.584092113600825,-83.40075089449947,0.05
2978,12502,9736,65528,0,41.584092113600825,-83.38668909931884,0.05
2911,12176,9778,8650,0,41.584092113600825,-83.3726273041382,0.0
2576,11729,9522,65528,0,41.584092113600825,-83.35856550895758,0.04
2576,11729,9522,65528,0,41.584092113600825,-83.34450371377694,0.04
2576,11729,9522,65528,0,41.584092113600825,-83.33044191859632,0.04
3144,11945,9496,65528,0,41.584092113600825,-83.31638012341568,0.04
2408,11366,8897,65528,0,41.584092113600825,-83.30231832823506,0.08
2614,11658,9569,65528,0,41.584092113600825,-83.28825653305442,0.04
1992,11674,8338,65528,0,41.584092113600825,-83.2741947378738,0.03
2475,11612,9432,65528,0,41.570030318420194,-83.44293628004135,0.04
3796,12527,10616,65528,0,41.570030318420194,-83.42887448486073,0.01
2333,11466,9305,65528,0,41.570030318420194,-83.4148126896801,0.05
2328,12163,9535,7548,0,41.570030318420194,-83.40075089449947,0.0
2384,12198,9722,65528,0,41.570030318420194,-83.38668909931884,0.05
2978,12502,9736,65528,0,41.570030318420194,-83.3726273041382,0.05
2384,12198,9722,65528,0,41.570030318420194,-83.35856550895758,0.05
2576,11729,9522,65528,0,41.570030318420194,-83.34450371377694,0.04
2445,11866,9549,65528,0,41.570030318420194,-83.33044191859632,0.04
2614,11658,9569,65528,0,41.570030318420194,-83.31638012341568,0.04
2408,11366,8897,65528,0,41.570030318420194,-83.30231832823506,0.08
2614,11658,9569,65528,0,41.570030318420194,-83.28825653305442,0.04
1992,11674,8338,65528,0,41.570030318420194,-83.2741947378738,0.03
4013,13544,10709,8911,0,41.67541102708652,-83.4519719946652,0.0
3230,13575,10096,8151,0,41.67541102708652,-83.43555890164325,0.0
2206,12207,9550,7581,0,41.67541102708652,-83.41914580862131,0.0
2018,11489,9096,65528,0,41.67541102708652,-83.40273271559937,0.1
2215,11055,9370,65528,0,41.67541102708652,-83.38631962257743,0.08
1894,11858,9442,65528,0,41.67541102708652,-83.3699065295555,0.06
1835,11573,9285,65528,0,41.67541102708652,-83.35349343653354,0.07
1570,12498,8334,65528,0,41.67541102708652,-83.3370803435116,0.04
1788,10681,5683,65528,0,41.67541102708652,-83.32066725048966,0.3
2018,10996,7445,65528,0,41.67541102708652,-83.30425415746772,0.07
2018,10996,7445,65528,0,41.67541102708652,-83.28784106444579,0.07
1367,6921,2036,65528,0,41.67541102708652,-83.27142797142383,0.7933333333333334
2221,12363,9475,65528,0,41.65899793406457,-83.4519719946652,0.05
2028,11394,9057,65528,0,41.65899793406457,-83.43555890164325,0.09
2004,11090,8987,65528,0,41.65899793406457,-83.41914580862131,0.1
1973,10934,9023,65528,0,41.65899793406457,-83.40273271559937,0.1
2182,10652,9451,65528,0,41.65899793406457,-83.38631962257743,0.18
2255,9971,8745,65528,0,41.65899793406457,-83.3699065295555,0.22
2176,10106,8551,6728,0,41.65899793406457,-83.35349343653354,0.27
2176,10106,8551,6728,0,41.65899793406457,-83.3370803435116,0.27
2000,10733,8562,6921,0,41.65899793406457,-83.32066725048966,0.12
1768,10911,8136,5112,0,41.65899793406457,-83.30425415746772,0.1
1694,8844,7535,4081,0,41.65899793406457,-83.28784106444579,0.42
1560,8184,6089,4160,0,41.65899793406457,-83.27142797142383,0.4
2311,10994,8643,7275,0,41.642584841042634,-83.4519719946652,0.0
2225,11359,9128,7607,0,41.642584841042634,-83.43555890164325,0.0
2052,11620,9468,7966,0,41.642584841042634,-83.41914580862131,0.0
2105,11031,9160,7716,0,41.642584841042634,-83.40273271559937,0.0
2264,10524,9165,8651,0,41.642584841042634,-83.38631962257743,0.15
2264,10524,9165,8651,0,41.642584841042634,-83.3699065295555,0.15
2316,11045,9208,8379,0,41.642584841042634,-83.35349343653354,0.0
2063,11511,9081,8001,0,41.642584841042634,-83.3370803435116,0.0
1983,12119,9354,7111,0,41.642584841042634,-83.32066725048966,0.0
1950,12136,9791,7833,0,41.642584841042634,-83.30425415746772,0.0
1805,11660,9224,7081,0,41.642584841042634,-83.28784106444579,0.0
1601,12071,8385,5469,0,41.642584841042634,-83.27142797142383,0.03
1931,12347,9631,7561,0,41.626171748020695,-83.4519719946652,0.0
2058,12107,9658,7910,0,41.626171748020695,-83.43555890164325,0.0
2058,12107,9658,7910,0,41.626171748020695,-83.41914580862131,0.0
1951,11784,9375,7526,0,41.626171748020695,-83.40273271559937,0.0
1970,11772,9278,7563,0,41.626171748020695,-83.38631962257743,0.0
2115,12095,9547,65528,0,41.626171748020695,-83.3699065295555,0.05
2191,11832,9622,65528,0,41.626171748020695,-83.35349343653354,0.05
2379,11210,9605,65528,0,41.626171748020695,-83.3370803435116,0.05
2157,11877,9717,65528,0,41.626171748020695,-83.32066725048966,0.05
2169,11990,9395,65528,0,41.626171748020695,-83.30425415746772,0.05
1943,11708,8839,65528,0,41.626171748020695,-83.28784106444579,0.04
1686,11368,8040,65528,0,41.626171748020695,-83.27142797142383,0.06
2683,11637,9329,65528,0,41.60975865499876,-83.4519719946652,0.04
2476,11679,9181,65528,0,41.60975865499876,-83.43555890164325,0.04
2131,11551,9602,7682,0,41.60975865499876,-83.41914580862131,0.0
2094,12018,10192,8433,0,41.60975865499876,-83.40273271559937,0.0
2146,11964,9719,8488,0,41.60975865499876,-83.38631962257743,0.0
2129,11495,9632,7591,0,41.60975865499876,-83.3699065295555,0.0
2207,11794,9687,7845,0,41.60975865499876,-83.35349343653354,0.0
2281,11819,9773,8172,0,41.60975865499876,-83.3370803435116,0.0
2692,11682,9831,9055,0,41.60975865499876,-83.32066725048966,0.0
2241,12608,9889,8272,0,41.60975865499876,-83.30425415746772,0.0
2147,12516,9668,8062,0,41.60975865499876,-83.28784106444579,0.0
2340,11649,9636,8546,0,41.60975865499876,-83.27142797142383,0.0
4754,13376,9075,7825,0,41.59334556197681,-83.4519719946652,0.0
2505,11550,9438,7887,0,41.59334556197681,-83.43555890164325,0.0
2344,11333,9529,8097,0,41.59334556197681,-83.41914580862131,0.0
2151,12710,9635,65528,0,41.59334556197681,-83.40273271559937,0.05
1934,12433,9466,65528,0,41.59334556197681,-83.38631962257743,0.06
2030,12619,9850,7801,0,41.59334556197681,-83.3699065295555,0.0
2030,12619,9850,7801,0,41.59334556197681,-83.35349343653354,0.0
2604,11701,9731,8653,0,41.59334556197681,-83.3370803435116,0.0
2541,12142,10078,8115,0,41.59334556197681,-83.32066725048966,0.0
2302,12530,10196,65528,0,41.59334556197681,-83.30425415746772,0.04
2238,11837,9864,65528,0,41.59334556197681,-83.28784106444579,0.05
2194,11323,9327,65528,0,41.59334556197681,-83.27142797142383,0.07
2669,12620,9914,65528,0,41.576932468954865,-83.4519719946652,0.07
2442,11900,9715,65528,0,41.576932468954865,-83.43555890164325,0.04
2065,12005,9926,65528,0,41.576932468954865,-83.41914580862131,0.05
2065,12005,9926,65528,0,41.576932468954865,-83.40273271559937,0.05
2234,12186,9962,65528,0,41.576932468954865,-83.38631962257743,0.05
2443,11857,10062,65528,0,41.576932468954865,-83.3699065295555,0.04
2346,12045,10101,65528,0,41.576932468954865,-83.35349343653354,0.04
2349,12038,9952,65528,0,41.576932468954865,-83.3370803435116,0.04
2147,11699,9513,65528,0,41.576932468954865,-83.32066725048966,0.05
2232,10964,9730,65528,0,41.576932468954865,-83.30425415746772,0.08
1989,11671,9645,65528,0,41.576932468954865,-83.28784106444579,0.04
2057,11349,9255,65528,0,41.576932468954865,-83.27142797142383,0.06
4923,12518,8970,6742,0,41.67756968716058,-83.45431782232211,0.0
4251,12538,9297,65528,0,41.67756968716058,-83.43828361765354,0.0
4626,12773,9563,65528,0,41.67756968716058,-83.42224941298497,0.0
4626,12773,9563,65528,0,41.67756968716058,-83.40621520831641,0.0
6368,13953,10502,65528,0,41.67756968716058,-83.39018100364784,0.0
6368,13953,10502,65528,0,41.67756968716058,-83.37414679897927,0.0
6588,14141,10202,7514,0,41.67756968716058,-83.3581125943107,0.0
7008,14425,10643,65528,0,41.67756968716058,-83.34207838964213,0.0
5522,11112,7255,65528,0,41.67756968716058,-83.32604418497357,0.02
5522,11112,7255,65528,0,41.67756968716058,-83.310009980305,0.02
4946,9774,7234,65528,0,41.67756968716058,-83.29397577563643,0.2
4576,8851,5939,65528,0,41.67756968716058,-83.27794157096785,0.33
3853,7504,5288,65528,0,41.67756968716058,-83.26190736629928,0.8
4309,12022,8951,6541,0,41.661535482492006,-83.45431782232211,0.0
4270,12597,9219,65528,0,41.661535482492006,-83.43828361765354,0.01
5120,12963,9662,65528,0,41.661535482492006,-83.42224941298497,0.0
5110,13095,9719,7379,0,41.661535482492006,-83.40621520831641,0.0
6368,13953,10502,65528,0,41.661535482492006,-83.39018100364784,0.0
6368,13953,10502,65528,0,41.661535482492006,-83.37414679897927,0.0
6619,14129,10222,65528,0,41.661535482492006,-83.3581125943107,0.0
7037,14770,10391,65528,0,41.661535482492006,-83.34207838964213,0.0
5842,12726,9000,65528,0,41.661535482492006,-83.32604418497357,0.02
5842,12726,9000,65528,0,41.661535482492006,-83.310009980305,0.02
4683,10380,6952,65528,0,41.661535482492006,-83.29397577563643,0.11
4209,10165,6703,4481,0,41.661535482492006,-83.27794157096785,0.43
3848,7950,5361,4033,0,41.661535482492006,-83.26190736629928,0.51
4888,12812,9572,65528,0,41.64550127782344,-83.45431782232211,0.0
4914,12965,9498,65528,0,41.64550127782344,-83.43828361765354,0.0
4270,12597,9219,65528,0,41.64550127782344,-83.42224941298497,0.01
6503,14920,11092,65528,0,41.64550127782344,-83.40621520831641,0.0
6503,14920,11092,65528,0,41.64550127782344,-83.39018100364784,0.0
7307,15611,11194,65528,0,41.64550127782344,-83.37414679897927,0.0
7964,16672,11985,7648,0,41.64550127782344,-83.3581125943107,0.0
7615,15831,11004,7308,0,41.64550127782344,-83.34207838964213,0.0
7615,15831,11004,7308,0,41.64550127782344,-83.32604418497357,0.0
5933,13212,8829,6074,0,41.64550127782344,-83.310009980305,0.0
6162,14106,9661,6495,0,41.64550127782344,-83.29397577563643,0.0
4449,11992,7610,5308,0,41.64550127782344,-83.27794157096785,0.02
4449,11992,7610,5308,0,41.64550127782344,-83.26190736629928,0.02
4463,12110,9070,65528,0,41.62946707315487,-83.45431782232211,0.0
5525,13707,10466,65528,0,41.62946707315487,-83.43828361765354,0.0
5603,13938,10401,7838,0,41.62946707315487,-83.42224941298497,0.0
6826,15457,11540,7980,0,41.62946707315487,-83.40621520831641,0.0
6826,15457,11540,7980,0,41.62946707315487,-83.39018100364784,0.0
7964,16672,11985,7648,0,41.62946707315487,-83.37414679897927,0.0
7306,15987,12029,7457,0,41.62946707315487,-83.3581125943107,0.0
7621,16105,11411,7214,0,41.62946707315487,-83.34207838964213,0.0
7621,16105,11411,7214,0,41.62946707315487,-83.32604418497357,0.0
6162,14106,9661,6495,0,41.62946707315487,-83.310009980305,0.0
6462,14391,9925,6445,0,41.62946707315487,-83.29397577563643,0.0
5480,13000,8832,5754,0,41.62946707315487,-83.27794157096785,0.0
5480,13000,8832,5754,0,41.62946707315487,-83.26190736629928,0.0
4793,12746,9530,7206,0,41.6134328684863,-83.45431782232211,0.0
4793,12746,9530,7206,0,41.6134328684863,-83.43828361765354,0.0
5452,13819,10490,7644,0,41.6134328684863,-83.42224941298497,0.0
5452,13819,10490,7644,0,41.6134328684863,-83.40621520831641,0.0
6213,14781,11238,7555,0,41.6134328684863,-83.39018100364784,0.0
6260,14878,10958,7410,0,41.6134328684863,-83.37414679897927,0.0
7151,15898,11678,7282,0,41.6134328684863,-83.3581125943107,0.0
7151,15898,11678,7282,0,41.6134328684863,-83.34207838964213,0.0
7563,16159,11549,7093,0,41.6134328684863,-83.32604418497357,0.0
7441,16127,11496,65528,0,41.6134328684863,-83.310009980305,0.0
6210,14239,10079,65528,0,41.6134328684863,-83.29397577563643,0.0
6210,14239,10079,65528,0,41.6134328684863,-83.27794157096785,0.0
5220,13047,9232,65528,0,41.6134328684863,-83.26190736629928,0.0
4529,12494,9560,6980,0,41.597398663817735,-83.45431782232211,0.0
4635,12985,9816,6931,0,41.597398663817735,-83.43828361765354,0.0
6607,15370,10885,7591,0,41.597398663817735,-83.42224941298497,0.0
6607,15370,10885,7591,0,41.597398663817735,-83.40621520831641,0.0
6260,14878,10958,7410,0,41.597398663817735,-83.39018100364784,0.0
6668,15603,11357,65528,0,41.597398663817735,-83.37414679897927,0.0
7290,16252,11867,65528,0,41.597398663817735,-83.3581125943107,0.0
7337,16220,11826,65528,0,41.597398663817735,-83.34207838964213,0.0
7441,16127,11496,65528,0,41.597398663817735,-83.32604418497357,0.0
7180,15903,11367,7120,0,41.597398663817735,-83.310009980305,0.0
5710,13692,9651,6193,0,41.597398663817735,-83.29397577563643,0.0
5989,13908,9779,65528,0,41.597398663817735,-83.27794157096785,0.0
5271,12916,8998,65528,0,41.597398663817735,-83.26190736629928,0.01
4227,12290,8814,6247,0,41.58136445914917,-83.45431782232211,0.0
5028,13645,10498,65528,0,41.58136445914917,-83.43828361765354,0.0
5028,13645,10498,65528,0,41.58136445914917,-83.42224941298497,0.0
7108,16100,11566,65528,0,41.58136445914917,-83.40621520831641,0.0
7108,16100,11566,65528,0,41.58136445914917,-83.39018100364784,0.0
6603,15436,11386,65528,0,41.58136445914917,-83.37414679897927,0.0
6603,15436,11386,65528,0,41.58136445914917,-83.3581125943107,0.0
7337,16220,11826,65528,0,41.58136445914917,-83.34207838964213,0.0
7337,16220,11826,65528,0,41.58136445914917,-83.32604418497357,0.0
7314,15829,11219,65528,0,41.58136445914917,-83.310009980305,0.0
7314,15829,11219,65528,0,41.58136445914917,-83.29397577563643,0.0
5989,13908,9779,65528,0,41.58136445914917,-83.27794157096785,0.0
5620,13796,9732,65528,0,41.58136445914917,-83.26190736629928,0.0
12982,24289,14769,5372,0,41.68123645433313,-83.43999787506878,0.0
12982,24289,14769,5372,0,41.68123645433313,-83.42631277802245,0.0
13190,24412,15191,5769,0,41.68123645433313,-83.41262768097613,0.0
12987,23878,14709,5675,0,41.68123645433313,-83.3989425839298,0.0
11839,22311,13577,4926,0,41.68123645433313,-83.38525748688346,0.0
10909,20750,12692,4872,0,41.68123645433313,-83.37157238983713,0.0
10909,20750,12692,4872,0,41.68123645433313,-83.35788729279079,0.0
10008,19093,12322,65528,0,41.68123645433313,-83.34420219574446,0.0
10019,19154,12552,4778,0,41.68123645433313,-83.33051709869814,0.0
10019,19154,12552,4778,0,41.68123645433313,-83.3168320016518,0.0
10405,19831,12909,4869,0,41.68123645433313,-83.30314690460547,0.0
10559,20122,13443,65528,0,41.68123645433313,-83.28946180755914,0.0
11502,21744,14490,65528,0,41.68123645433313,-83.27577671051282,0.0
12065,22751,14915,65528,0,41.68123645433313,-83.26209161346648,0.0
12841,24266,14396,5294,0,41.6675513572868,-83.43999787506878,0.0
12997,24446,14506,5322,0,41.6675513572868,-83.42631277802245,0.0
13337,24859,15590,65528,0,41.6675513572868,-83.41262768097613,0.0
13182,24385,15344,5451,0,41.6675513572868,-83.3989425839298,0.0
13134,24160,15657,6067,0,41.6675513572868,-83.38525748688346,0.0
12113,22772,13940,5311,0,41.6675513572868,-83.37157238983713,0.0
11304,21523,13292,65528,0,41.6675513572868,-83.35788729279079,0.0
10155,19463,12263,65528,0,41.6675513572868,-83.34420219574446,0.0
10155,19463,12263,65528,0,41.6675513572868,-83.33051709869814,0.0
9995,19167,12472,65528,0,41.6675513572868,-83.3168320016518,0.0
10223,19617,12689,65528,0,41.6675513572868,-83.30314690460547,0.0
10318,19762,13045,65528,0,41.6675513572868,-83.28946180755914,0.0
11095,21102,13997,65528,0,41.6675513572868,-83.27577671051282,0.0
11095,21102,13997,65528,0,41.6675513572868,-83.26209161346648,0.0
12776,24128,14362,5010,0,41.65386626024047,-83.43999787506878,0.0
12887,24257,14591,65528,0,41.65386626024047,-83.42631277802245,0.0
12887,24257,14591,65528,0,41.65386626024047,-83.41262768097613,0.0
12857,24213,14823,65528,0,41.65386626024047,-83.3989425839298,0.0
12609,23874,15086,65528,0,41.65386626024047,-83.38525748688346,0.0
11769,22470,14612,65528,0,41.65386626024047,-83.37157238983713,0.0
11359,21682,13904,65528,0,41.65386626024047,-83.35788729279079,0.0
11359,21682,13904,65528,0,41.65386626024047,-83.34420219574446,0.0
10447,20044,12859,65528,0,41.65386626024047,-83.33051709869814,0.0
10193,19634,12962,5214,0,41.65386626024047,-83.3168320016518,0.0
10485,20118,13100,5218,0,41.65386626024047,-83.30314690460547,0.0
10503,20157,13090,5051,0,41.65386626024047,-83.28946180755914,0.0
10503,20157,13090,5051,0,41.65386626024047,-83.27577671051282,0.0
11191,21376,13945,5326,0,41.65386626024047,-83.26209161346648,0.0
12826,24183,14420,65528,0,41.640181163194136,-83.43999787506878,0.0
12826,24183,14420,65528,0,41.640181163194136,-83.42631277802245,0.0
12786,24142,14431,65528,0,41.640181163194136,-83.41262768097613,0.0
12646,23965,14642,65528,0,41.640181163194136,-83.3989425839298,0.0
11923,22829,14401,5649,0,41.640181163194136,-83.38525748688346,0.0
11923,22829,14401,5649,0,41.640181163194136,-83.37157238983713,0.0
11359,21818,14074,5682,0,41.640181163194136,-83.35788729279079,0.0
10921,21020,13783,5604,0,41.640181163194136,-83.34420219574446,0.0
10585,20493,13225,5393,0,41.640181163194136,-83.33051709869814,0.0
10388,20079,13096,5301,0,41.640181163194136,-83.3168320016518,0.0
10388,20079,13096,5301,0,41.640181163194136,-83.30314690460547,0.0
10687,20542,13615,5486,0,41.640181163194136,-83.28946180755914,0.0
10948,21002,13973,5463,0,41.640181163194136,-83.27577671051282,0.0
11140,21321,14092,5378,0,41.640181163194136,-83.26209161346648,0.0
12610,23926,14225,5072,0,41.62649606614781,-83.43999787506878,0.0
12743,24099,14514,5367,0,41.62649606614781,-83.42631277802245,0.0
12654,24005,14476,5330,0,41.62649606614781,-83.41262768097613,0.0
12199,23367,14446,5554,0,41.62649606614781,-83.3989425839298,0.0
12199,23367,14446,5554,0,41.62649606614781,-83.38525748688346,0.0
11649,22438,14184,5586,0,41.62649606614781,-83.37157238983713,0.0
11257,21733,13881,5675,0,41.62649606614781,-83.35788729279079,0.0
10925,21160,13702,5500,0,41.62649606614781,-83.34420219574446,0.0
10755,20827,13591,5387,0,41.62649606614781,-83.33051709869814,0.0
10755,20827,13591,5387,0,41.62649606614781,-83.3168320016518,0.0
10535,20392,13416,5329,0,41.62649606614781,-83.30314690460547,0.0
10349,20091,13546,65528,0,41.62649606614781,-83.28946180755914,0.0
10657,20560,13750,65528,0,41.62649606614781,-83.27577671051282,0.0
10781,20755,13887,65528,0,41.62649606614781,-83.26209161346648,0.0
12337,23504,13951,5007,0,41.612810969101474,-83.43999787506878,0.0
12519,23830,14290,5146,0,41.612810969101474,-83.42631277802245,0.0
12215,23423,14522,5409,0,41.612810969101474,-83.41262768097613,0.0
12215,23423,14522,5409,0,41.612810969101474,-83.3989425839298,0.0
11898,22905,14420,5564,0,41.612810969101474,-83.38525748688346,0.0
11490,22214,14217,5582,0,41.612810969101474,-83.37157238983713,0.0
11252,21810,14182,65528,0,41.612810969101474,-83.35788729279079,0.0
11252,21810,14182,65528,0,41.612810969101474,-83.34420219574446,0.0
11109,21501,14019,65528,0,41.612810969101474,-83.33051709869814,0.0
10610,20623,13479,65528,0,41.612810969101474,-83.3168320016518,0.0
9845,19360,13018,5414,0,41.612810969101474,-83.30314690460547,0.0
9815,19273,13183,5481,0,41.612810969101474,-83.28946180755914,0.0
9815,19273,13183,5481,0,41.612810969101474,-83.27577671051282,0.0
10028,19612,13386,5390,0,41.612810969101474,-83.26209161346648,0.0
11784,22549,13390,4612,0,41.59912587205514,-83.43999787506878,0.04
11526,22196,13474,65528,0,41.59912587205514,-83.42631277802245,0.0
11526,22196,13474,65528,0,41.59912587205514,-83.41262768097613,0.0
11547,22317,13991,65528,0,41.59912587205514,-83.3989425839298,0.0
11368,22044,14157,65528,0,41.59912587205514,-83.38525748688346,0.0
11340,22034,14373,5884,0,41.59912587205514,-83.37157238983713,0.0
11340,22034,14373,5884,0,41.59912587205514,-83.35788729279079,0.0
11333,21954,14316,5720,0,41.59912587205514,-83.34420219574446,0.0
10743,20922,13701,5364,0,41.59912587205514,-83.33051709869814,0.0
9537,18918,12560,5404,0,41.59912587205514,-83.3168320016518,0.0
9219,18329,12313,5441,0,41.59912587205514,-83.30314690460547,0.0
9219,18329,12313,5441,0,41.59912587205514,-83.28946180755914,0.0
9031,18013,12060,65528,0,41.59912587205514,-83.27577671051282,0.0
8545,17226,11756,4886,0,41.59912587205514,-83.26209161346648,0.0
12336,23479,13863,5069,0,41.58544077500881,-83.43999787506878,0.0
11637,22381,13219,4735,0,41.58544077500881,-83.42631277802245,0.0
11463,22182,13427,4833,0,41.58544077500881,-83.41262768097613,0.0
11194,21793,13559,5098,0,41.58544077500881,-83.3989425839298,0.0
11090,21723,14016,5722,0,41.58544077500881,-83.38525748688346,0.0
11090,21723,14016,5722,0,41.58544077500881,-83.37157238983713,0.0
11644,22569,14734,6099,0,41.58544077500881,-83.35788729279079,0.0
10793,21089,13612,65528,0,41.58544077500881,-83.34420219574446,0.0
10835,21154,13626,5856,0,41.58544077500881,-83.33051709869814,0.0
9703,19233,12464,5404,0,41.58544077500881,-83.3168320016518,0.0
9155,18263,12036,5332,0,41.58544077500881,-83.30314690460547,0.0
8851,17721,11828,65528,0,41.58544077500881,-83.28946180755914,0.0
8200,16595,11250,65528,0,41.58544077500881,-83.27577671051282,0.0
8200,16595,11250,65528,0,41.58544077500881,-83.26209161346648,0.0
12409,23639,14022,5270,0,41.57175567796248,-83.43999787506878,0.0
11645,22433,13280,4766,0,41.57175567796248,-83.42631277802245,0.0
11194,21769,13327,4841,0,41.57175567796248,-83.41262768097613,0.0
11025,21530,13394,4753,0,41.57175567796248,-83.3989425839298,0.0
11050,21695,13717,5055,0,41.57175567796248,-83.38525748688346,0.0
11392,22279,14604,5657,0,41.57175567796248,-83.37157238983713,0.0
11415,22291,14644,65528,0,41.57175567796248,-83.35788729279079,0.0
11415,22291,14644,65528,0,41.57175567796248,-83.34420219574446,0.0
10710,21027,13808,65528,0,41.57175567796248,-83.33051709869814,0.0
10050,19883,13021,65528,0,41.57175567796248,-83.3168320016518,0.0
9602,19161,12621,65528,0,41.57175567796248,-83.30314690460547,0.0
9602,19161,12621,65528,0,41.57175567796248,-83.28946180755914,0.0
8721,17582,11780,65528,0,41.57175567796248,-83.27577671051282,0.0
7992,16331,10941,65528,0,41.57175567796248,-83.26209161346648,0.0
886,814,399,177,0,41.987259794503416,-83.18936250631413,0.93
898,810,377,171,0,41.987259794503416,-83.17294941329219,0.94
917,816,366,175,0,41.987259794503416,-83.15653632027025,0.95
908,809,282,65528,0,41.987259794503416,-83.1401232272483,0.94
915,808,288,65528,0,41.987259794503416,-83.12371013422636,0.94
910,799,276,65528,0,41.987259794503416,-83.10729704120442,0.94
870,790,276,65528,0,41.987259794503416,-83.09088394818248,0.93
859,790,280,140,0,41.987259794503416,-83.07447085516054,0.93
842,775,272,141,0,41.987259794503416,-83.05805776213859,0.93
835,774,269,135,0,41.987259794503416,-83.04164466911665,0.93
831,766,265,65528,0,41.987259794503416,-83.02523157609471,0.93
839,766,269,65528,0,41.987259794503416,-83.00881848307276,0.93
860,795,300,65528,0,41.987259794503416,-82.99240539005082,0.93
883,842,853,65528,0,41.987259794503416,-82.97599229702888,0.93
884,779,283,65528,0,41.97084670148148,-83.18936250631413,0.93
905,788,291,65528,0,41.97084670148148,-83.17294941329219,0.94
923,795,287,65528,0,41.97084670148148,-83.15653632027025,0.94
920,798,280,65528,0,41.97084670148148,-83.1401232272483,0.94
895,789,277,65528,0,41.97084670148148,-83.12371013422636,0.93
895,789,277,65528,0,41.97084670148148,-83.10729704120442,0.93
869,785,278,65528,0,41.97084670148148,-83.09088394818248,0.93
856,779,274,65528,0,41.97084670148148,-83.07447085516054,0.93
844,773,267,65528,0,41.97084670148148,-83.05805776213859,0.93
835,764,266,65528,0,41.97084670148148,-83.04164466911665,0.93
834,759,259,65528,0,41.97084670148148,-83.02523157609471,0.93
826,752,252,65528,0,41.97084670148148,-83.00881848307276,0.93
829,762,275,65528,0,41.97084670148148,-82.99240539005082,0.93
832,777,297,65528,0,41.97084670148148,-82.97599229702888,0.93
880,775,283,65528,0,41.95443360845953,-83.18936250631413,0.93
906,773,278,65528,0,41.95443360845953,-83.17294941329219,0.94
921,778,276,65528,0,41.95443360845953,-83.15653632027025,0.94
919,781,277,158,0,41.95443360845953,-83.1401232272483,0.95
892,769,271,154,0,41.95443360845953,-83.12371013422636,0.94
862,757,271,150,0,41.95443360845953,-83.10729704120442,0.93
855,766,267,152,0,41.95443360845953,-83.09088394818248,0.93
849,771,276,152,0,41.95443360845953,-83.07447085516054,0.93
848,771,267,156,0,41.95443360845953,-83.05805776213859,0.93
840,757,257,145,0,41.95443360845953,-83.04164466911665,0.93
839,745,259,139,0,41.95443360845953,-83.02523157609471,0.93
825,724,246,135,0,41.95443360845953,-83.00881848307276,0.93
825,724,246,135,0,41.95443360845953,-82.99240539005082,0.93
822,721,257,145,0,41.95443360845953,-82.97599229702888,0.93
877,758,272,143,0,41.938020515437586,-83.18936250631413,0.93
877,758,272,143,0,41.938020515437586,-83.17294941329219,0.93
904,763,279,151,0,41.938020515437586,-83.15653632027025,0.95
897,754,264,143,0,41.938020515437586,-83.1401232272483,0.94
880,746,259,141,0,41.938020515437586,-83.12371013422636,0.93
863,741,259,141,0,41.938020515437586,-83.10729704120442,0.93
843,746,265,141,0,41.938020515437586,-83.09088394818248,0.93
834,740,266,143,0,41.938020515437586,-83.07447085516054,0.93
842,750,266,143,0,41.938020515437586,-83.05805776213859,0.93
842,748,262,143,0,41.938020515437586,-83.04164466911665,0.93
836,740,251,141,0,41.938020515437586,-83.02523157609471,0.93
836,740,251,141,0,41.938020515437586,-83.00881848307276,0.93
827,724,245,140,0,41.938020515437586,-82.99240539005082,0.93
825,719,245,146,0,41.938020515437586,-82.97599229702888,0.93
845,743,264,135,0,41.92160742241565,-83.18936250631413,0.93
867,755,276,138,0,41.92160742241565,-83.17294941329219,0.93
883,752,264,142,0,41.92160742241565,-83.15653632027025,0.93
897,736,248,65528,0,41.92160742241565,-83.1401232272483,0.93
875,729,250,65528,0,41.92160742241565,-83.12371013422636,0.93
854,726,251,65528,0,41.92160742241565,-83.10729704120442,0.93
838,725,251,65528,0,41.92160742241565,-83.09088394818248,0.93
827,724,254,65528,0,41.92160742241565,-83.07447085516054,0.93
829,729,255,65528,0,41.92160742241565,-83.05805776213859,0.93
829,727,258,65528,0,41.92160742241565,-83.04164466911665,0.93
820,717,243,137,0,41.92160742241565,-83.02523157609471,0.93
824,721,249,139,0,41.92160742241565,-83.00881848307276,0.93
824,720,243,135,0,41.92160742241565,-82.99240539005082,0.93
815,705,244,137,0,41.92160742241565,-82.97599229702888,0.93
834,734,259,137,0,41.90519432939371,-83.18936250631413,0.93
827,728,251,131,0,41.90519432939371,-83.17294941329219,0.93
848,732,255,139,0,41.90519432939371,-83.15653632027025,0.93
889,734,246,133,0,41.90519432939371,-83.1401232272483,0.94
888,723,239,129,0,41.90519432939371,-83.12371013422636,0.93
850,719,252,129,0,41.90519432939371,-83.10729704120442,0.93
831,714,242,135,0,41.90519432939371,-83.09088394818248,0.93
818,703,246,128,0,41.90519432939371,-83.07447085516054,0.93
818,703,246,128,0,41.90519432939371,-83.05805776213859,0.93
813,710,250,65528,0,41.90519432939371,-83.04164466911665,0.93
813,711,247,65528,0,41.90519432939371,-83.02523157609471,0.93
817,718,246,65528,0,41.90519432939371,-83.00881848307276,0.93
814,709,234,99,0,41.90519432939371,-82.99240539005082,0.93
808,697,233,107,0,41.90519432939371,-82.97599229702888,0.93
824,723,252,65528,0,41.88878123637176,-83.18936250631413,0.93
823,729,248,65528,0,41.88878123637176,-83.17294941329219,0.93
848,730,250,65528,0,41.88878123637176,-83.15653632027025,0.93
841,715,245,103,0,41.88878123637176,-83.1401232272483,0.93
841,715,245,103,0,41.88878123637176,-83.12371013422636,0.93
869,711,239,65528,0,41.88878123637176,-83.10729704120442,0.93
845,702,232,65528,0,41.88878123637176,-83.09088394818248,0.93
820,694,234,65528,0,41.88878123637176,-83.07447085516054,0.93
807,697,233,65528,0,41.88878123637176,-83.05805776213859,0.93
809,701,234,65528,0,41.88878123637176,-83.04164466911665,0.93
808,698,231,65528,0,41.88878123637176,-83.02523157609471,0.93
806,695,234,65528,0,41.88878123637176,-83.00881848307276,0.93
802,691,227,65528,0,41.88878123637176,-82.99240539005082,0.93
802,691,227,65528,0,41.88878123637176,-82.97599229702888,0.93
883,863,439,201,0,41.92160742241565,-83.32066725048966,0.93
868,826,386,193,0,41.92160742241565,-83.30425415746772,0.93
862,808,367,179,0,41.92160742241565,-83.28784106444579,0.93
861,794,357,161,0,41.92160742241565,-83.27142797142383,0.93
843,751,306,146,0,41.92160742241565,-83.2550148784019,0.93
845,752,283,148,0,41.92160742241565,-83.23860178537996,0.93
841,747,268,142,0,41.92160742241565,-83.222188692358,0.93
845,743,264,135,0,41.92160742241565,-83.20577559933606,0.93
845,743,264,135,0,41.92160742241565,-83.18936250631413,0.93
867,755,276,138,0,41.92160742241565,-83.17294941329219,0.93
883,752,264,142,0,41.92160742241565,-83.15653632027025,0.93
873,828,411,192,0,41.90519432939371,-83.32066725048966,0.93
863,785,349,65528,0,41.90519432939371,-83.30425415746772,0.93
855,770,329,65528,0,41.90519432939371,-83.28784106444579,0.93
844,759,320,65528,0,41.90519432939371,-83.27142797142383,0.93
844,748,298,65528,0,41.90519432939371,-83.2550148784019,0.93
845,743,281,65528,0,41.90519432939371,-83.23860178537996,0.93
845,743,281,65528,0,41.90519432939371,-83.222188692358,0.93
840,741,264,65528,0,41.90519432939371,-83.20577559933606,0.93
834,734,259,137,0,41.90519432939371,-83.18936250631413,0.93
827,728,251,131,0,41.90519432939371,-83.17294941329219,0.93
848,732,255,139,0,41.90519432939371,-83.15653632027025,0.93
867,779,350,164,0,41.88878123637176,-83.32066725048966,0.93
868,771,327,168,0,41.88878123637176,-83.30425415746772,0.93
853,755,309,154,0,41.88878123637176,-83.28784106444579,0.93
837,743,308,148,0,41.88878123637176,-83.27142797142383,0.93
838,741,344,144,0,41.88878123637176,-83.2550148784019,0.93
842,742,327,140,0,41.88878123637176,-83.23860178537996,0.93
837,734,322,138,0,41.88878123637176,-83.222188692358,0.93
835,736,256,65528,0,41.88878123637176,-83.20577559933606,0.93
824,723,252,65528,0,41.88878123637176,-83.18936250631413,0.93
823,729,248,65528,0,41.88878123637176,-83.17294941329219,0.93
848,730,250,65528,0,41.88878123637176,-83.15653632027025,0.93
859,767,278,132,0,41.87236814334982,-83.32066725048966,0.93
854,757,269,126,0,41.87236814334982,-83.30425415746772,0.93
845,745,257,116,0,41.87236814334982,-83.28784106444579,0.93
828,728,251,65528,0,41.87236814334982,-83.27142797142383,0.93
829,731,252,65528,0,41.87236814334982,-83.2550148784019,0.93
834,729,251,65528,0,41.87236814334982,-83.23860178537996,0.93
830,728,250,65528,0,41.87236814334982,-83.222188692358,0.93
825,721,247,65528,0,41.87236814334982,-83.20577559933606,0.93
824,720,251,65528,0,41.87236814334982,-83.18936250631413,0.93
826,716,243,65528,0,41.87236814334982,-83.17294941329219,0.93
826,713,239,65528,0,41.87236814334982,-83.15653632027025,0.93
851,755,272,65528,0,41.85595505032788,-83.32066725048966,0.93
844,745,264,65528,0,41.85595505032788,-83.30425415746772,0.93
836,736,257,65528,0,41.85595505032788,-83.28784106444579,0.93
831,728,248,65528,0,41.85595505032788,-83.27142797142383,0.93
823,729,250,65528,0,41.85595505032788,-83.2550148784019,0.93
825,728,248,65528,0,41.85595505032788,-83.23860178537996,0.93
822,714,254,133,0,41.85595505032788,-83.222188692358,0.93
821,711,248,135,0,41.85595505032788,-83.20577559933606,0.93
821,711,248,135,0,41.85595505032788,-83.18936250631413,0.93
829,716,243,139,0,41.85595505032788,-83.17294941329219,0.93
841,723,242,131,0,41.85595505032788,-83.15653632027025,0.93
853,753,268,145,0,41.83954195730594,-83.32066725048966,0.93
847,742,266,141,0,41.83954195730594,-83.30425415746772,0.93
847,733,253,137,0,41.83954195730594,-83.28784106444579,0.93
837,730,253,137,0,41.83954195730594,-83.27142797142383,0.93
830,721,251,137,0,41.83954195730594,-83.2550148784019,0.93
821,712,248,135,0,41.83954195730594,-83.23860178537996,0.93
821,712,248,135,0,41.83954195730594,-83.222188692358,0.93
821,707,246,125,0,41.83954195730594,-83.20577559933606,0.93
818,702,238,125,0,41.83954195730594,-83.18936250631413,0.93
821,701,240,127,0,41.83954195730594,-83.17294941329219,0.93
827,705,244,127,0,41.83954195730594,-83.15653632027025,0.93
886,758,271,140,0,41.823128864284,-83.32066725048966,0.93
875,750,264,142,0,41.823128864284,-83.30425415746772,0.93
842,735,261,136,0,41.823128864284,-83.28784106444579,0.93
833,725,254,133,0,41.823128864284,-83.27142797142383,0.93
833,725,254,133,0,41.823128864284,-83.2550148784019,0.93
831,720,251,130,0,41.823128864284,-83.23860178537996,0.93
824,714,245,65528,0,41.823128864284,-83.222188692358,0.93
820,711,245,65528,0,41.823128864284,-83.20577559933606,0.93
824,712,239,65528,0,41.823128864284,-83.18936250631413,0.93
820,703,242,65528,0,41.823128864284,-83.17294941329219,0.93
821,702,239,65528,0,41.823128864284,-83.15653632027025,0.93
855,749,270,65528,0,41.806715771262056,-83.32066725048966,0.93
864,746,266,65528,0,41.806715771262056,-83.30425415746772,0.93
864,746,266,65528,0,41.806715771262056,-83.28784106444579,0.93
839,732,253,133,0,41.806715771262056,-83.27142797142383,0.93
825,718,251,127,0,41.806715771262056,-83.2550148784019,0.93
824,715,248,125,0,41.806715771262056,-83.23860178537996,0.93
824,714,247,131,0,41.806715771262056,-83.222188692358,0.93
824,716,245,127,0,41.806715771262056,-83.20577559933606,0.93
822,715,245,129,0,41.806715771262056,-83.18936250631413,0.93
817,705,241,131,0,41.806715771262056,-83.17294941329219,0.93
817,701,242,127,0,41.806715771262056,-83.15653632027025,0.93
842,739,290,131,0,41.79030267824011,-83.32066725048966,0.93
828,729,263,131,0,41.79030267824011,-83.30425415746772,0.93
834,731,257,139,0,41.79030267824011,-83.28784106444579,0.93
824,721,248,65528,0,41.79030267824011,-83.27142797142383,0.93
817,717,252,65528,0,41.79030267824011,-83.2550148784019,0.93
819,715,252,65528,0,41.79030267824011,-83.23860178537996,0.93
814,710,240,119,0,41.79030267824011,-83.222188692358,0.93
813,708,239,119,0,41.79030267824011,-83.20577559933606,0.93
813,708,239,119,0,41.79030267824011,-83.18936250631413,0.93
809,703,238,65528,0,41.79030267824011,-83.17294941329219,0.93
806,700,236,65528,0,41.79030267824011,-83.15653632027025,0.93
840,737,263,65528,0,41.77388958521817,-83.32066725048966,0.93
820,731,258,65528,0,41.77388958521817,-83.30425415746772,0.93
809,719,249,65528,0,41.77388958521817,-83.28784106444579,0.93
803,710,250,65528,0,41.77388958521817,-83.27142797142383,0.93
802,710,247,65528,0,41.77388958521817,-83.2550148784019,0.93
804,708,242,65528,0,41.77388958521817,-83.23860178537996,0.93
798,709,243,65528,0,41.77388958521817,-83.222188692358,0.93
796,701,230,65528,0,41.77388958521817,-83.20577559933606,0.93
801,704,230,65528,0,41.77388958521817,-83.18936250631413,0.93
807,706,238,65528,0,41.77388958521817,-83.17294941329219,0.93
806,700,240,65528,0,41.77388958521817,-83.15653632027025,0.93
850,745,265,65528,0,41.75747649219623,-83.32066725048966,0.93
819,730,256,65528,0,41.75747649219623,-83.30425415746772,0.93
805,722,253,65528,0,41.75747649219623,-83.28784106444579,0.93
800,712,252,134,0,41.75747649219623,-83.27142797142383,0.93
800,712,252,134,0,41.75747649219623,-83.2550148784019,0.93
795,707,249,130,0,41.75747649219623,-83.23860178537996,0.93
795,706,243,126,0,41.75747649219623,-83.222188692358,0.93
794,698,234,126,0,41.75747649219623,-83.20577559933606,0.93
800,701,236,128,0,41.75747649219623,-83.18936250631413,0.93
794,695,234,123,0,41.75747649219623,-83.17294941329219,0.93
798,697,233,127,0,41.75747649219623,-83.15653632027025,0.93
857,754,267,138,0,41.74106339917429,-83.32066725048966,0.93
857,754,267,138,0,41.74106339917429,-83.30425415746772,0.93
823,735,259,135,0,41.74106339917429,-83.28784106444579,0.93
814,725,250,127,0,41.74106339917429,-83.27142797142383,0.93
801,716,246,125,0,41.74106339917429,-83.2550148784019,0.93
794,711,246,127,0,41.74106339917429,-83.23860178537996,0.93
791,707,245,127,0,41.74106339917429,-83.222188692358,0.93
784,698,236,123,0,41.74106339917429,-83.20577559933606,0.93
785,695,234,124,0,41.74106339917429,-83.18936250631413,0.93
791,696,240,121,0,41.74106339917429,-83.17294941329219,0.93
794,695,229,123,0,41.74106339917429,-83.15653632027025,0.93
937,812,302,149,0,41.72465030615234,-83.32066725048966,0.95
892,782,275,145,0,41.72465030615234,-83.30425415746772,0.94
864,775,273,65528,0,41.72465030615234,-83.28784106444579,0.93
831,752,259,65528,0,41.72465030615234,-83.27142797142383,0.93
816,737,257,65528,0,41.72465030615234,-83.2550148784019,0.93
811,733,257,65528,0,41.72465030615234,-83.23860178537996,0.93
799,719,245,65528,0,41.72465030615234,-83.222188692358,0.93
790,703,236,65528,0,41.72465030615234,-83.20577559933606,0.93
785,698,234,65528,0,41.72465030615234,-83.18936250631413,0.93
796,710,242,121,0,41.72465030615234,-83.17294941329219,0.93
796,704,231,125,0,41.72465030615234,-83.15653632027025,0.93
1692,2442,1717,735,0,41.92157519793595,-83.33044191859632,0.9816666666666667
1692,2442,1717,735,0,41.92157519793595,-83.31638012341568,0.9816666666666667
1692,2442,1717,735,0,41.92157519793595,-83.30231832823506,0.9816666666666667
1860,2844,705,603,0,41.92157519793595,-83.28825653305442,0.9566666666666667
1860,2844,705,603,0,41.92157519793595,-83.2741947378738,0.9566666666666667
1860,2844,705,603,0,41.92157519793595,-83.26013294269316,0.9566666666666667
1214,1299,1671,971,0,41.92157519793595,-83.24607114751254,1.0
1214,1299,1671,971,0,41.92157519793595,-83.23200935233191,1.0
1214,1299,1671,971,0,41.92157519793595,-83.21794755715128,1.0
2207,3466,3940,2845,0,41.92157519793595,-83.20388576197064,0.8733333333333334
2207,3466,3940,2845,0,41.92157519793595,-83.18982396679002,0.8733333333333334
2207,3466,3940,2845,0,41.92157519793595,-83.17576217160939,0.8733333333333334
1328,1370,684,294,0,41.92157519793595,-83.16170037642875,0.9966666666666667
1328,1370,684,294,0,41.92157519793595,-83.14763858124813,0.9966666666666667
3457,6658,3786,4155,0,41.90751340275532,-83.33044191859632,0.741
3457,6658,3786,4155,0,41.90751340275532,-83.31638012341568,0.741
3457,6658,3786,4155,0,41.90751340275532,-83.30231832823506,0.741
3524,6599,4007,4298,0,41.90751340275532,-83.28825653305442,0.716
3524,6599,4007,4298,0,41.90751340275532,-83.2741947378738,0.716
3524,6599,4007,4298,0,41.90751340275532,-83.26013294269316,0.716
1291,1470,493,332,0,41.90751340275532,-83.24607114751254,0.9966666666666667
1291,1470,493,332,0,41.90751340275532,-83.23200935233191,0.9966666666666667
1291,1470,493,332,0,41.90751340275532,-83.21794755715128,0.9966666666666667
1147,1091,703,406,0,41.90751340275532,-83.20388576197064,1.0
1147,1091,703,406,0,41.90751340275532,-83.18982396679002,1.0
1147,1091,703,406,0,41.90751340275532,-83.17576217160939,1.0
1274,1289,591,386,0,41.90751340275532,-83.16170037642875,1.0
1274,1289,591,386,0,41.90751340275532,-83.14763858124813,1.0
1994,3203,4518,4095,0,41.89345160757469,-83.33044191859632,0.87
4043,7771,5943,5914,0,41.89345160757469,-83.31638012341568,0.35
4043,7771,5943,5914,0,41.89345160757469,-83.30231832823506,0.35
3311,6160,4264,4218,0,41.89345160757469,-83.28825653305442,0.7759999999999999
3311,6160,4264,4218,0,41.89345160757469,-83.2741947378738,0.7759999999999999
3311,6160,4264,4218,0,41.89345160757469,-83.26013294269316,0.7759999999999999
1807,2634,849,687,0,41.89345160757469,-83.24607114751254,0.9666666666666667
1807,2634,849,687,0,41.89345160757469,-83.23200935233191,0.9666666666666667
1807,2634,849,687,0,41.89345160757469,-83.21794755715128,0.9666666666666667
1106,1008,369,169,0,41.89345160757469,-83.20388576197064,1.0
1106,1008,369,169,0,41.89345160757469,-83.18982396679002,1.0
1106,1008,369,169,0,41.89345160757469,-83.17576217160939,1.0
1087,894,327,152,0,41.89345160757469,-83.16170037642875,1.0
1087,894,327,152,0,41.89345160757469,-83.14763858124813,1.0
1401,1532,1905,631,0,41.87938981239406,-83.33044191859632,0.9816666666666667
1703,2327,2974,65528,0,41.87938981239406,-83.31638012341568,0.9916666666666666
4256,8336,5160,65528,0,41.87938981239406,-83.30231832823506,0.76
1595,2057,2234,65528,0,41.87938981239406,-83.28825653305442,0.9916666666666666
3100,5654,4452,65528,0,41.87938981239406,-83.2741947378738,0.9
1595,2057,2234,65528,0,41.87938981239406,-83.26013294269316,0.9916666666666666
1387,1694,1094,65528,0,41.87938981239406,-83.24607114751254,0.9616666666666666
1387,1694,1094,65528,0,41.87938981239406,-83.23200935233191,0.9616666666666666
1388,1712,764,649,0,41.87938981239406,-83.21794755715128,0.9566666666666667
1064,885,322,65528,0,41.87938981239406,-83.20388576197064,0.98
1064,885,322,65528,0,41.87938981239406,-83.18982396679002,0.98
2717,4878,1928,65528,0,41.87938981239406,-83.17576217160939,0.9366666666666665
1093,887,281,65528,0,41.87938981239406,-83.16170037642875,0.99
1145,1084,287,120,0,41.87938981239406,-83.14763858124813,1.0
2648,4768,5444,65528,0,41.86532801721343,-83.33044191859632,0.72
1703,2327,2974,65528,0,41.86532801721343,-83.31638012341568,0.9916666666666666
1191,1148,1185,65528,0,41.86532801721343,-83.30231832823506,1.0
1130,1031,710,229,0,41.86532801721343,-83.28825653305442,1.0
3100,5654,4452,65528,0,41.86532801721343,-83.2741947378738,0.9
1200,1254,965,614,0,41.86532801721343,-83.26013294269316,1.0
3100,5654,4452,65528,0,41.86532801721343,-83.24607114751254,0.9
1441,1810,607,65528,0,41.86532801721343,-83.23200935233191,0.9916666666666666
1441,1810,607,65528,0,41.86532801721343,-83.21794755715128,0.9916666666666666
1064,885,322,65528,0,41.86532801721343,-83.20388576197064,0.98
1064,885,322,65528,0,41.86532801721343,-83.18982396679002,0.98
1064,885,322,65528,0,41.86532801721343,-83.17576217160939,0.98
1093,887,281,65528,0,41.86532801721343,-83.16170037642875,0.99
1093,887,281,65528,0,41.86532801721343,-83.14763858124813,0.99
2686,4711,1891,65528,0,41.8512662220328,-83.33044191859632,0.9366666666666665
1130,1031,710,229,0,41.8512662220328,-83.31638012341568,1.0
1250,1414,685,65528,0,41.8512662220328,-83.30231832823506,1.0
4256,8336,5160,65528,0,41.8512662220328,-83.28825653305442,0.76
3100,5654,4452,65528,0,41.8512662220328,-83.2741947378738,0.9
3100,5654,4452,65528,0,41.8512662220328,-83.26013294269316,0.9
1094,1028,462,65528,0,41.8512662220328,-83.24607114751254,0.99
1063,941,484,65528,0,41.8512662220328,-83.23200935233191,0.98
1441,1810,607,65528,0,41.8512662220328,-83.21794755715128,0.9916666666666666
1063,941,484,65528,0,41.8512662220328,-83.20388576197064,0.98
1064,885,322,65528,0,41.8512662220328,-83.18982396679002,0.98
1041,906,349,65528,0,41.8512662220328,-83.17576217160939,0.98
1093,887,281,65528,0,41.8512662220328,-83.16170037642875,0.99
1016,847,275,65528,0,41.8512662220328,-83.14763858124813,0.98
2686,4711,1891,65528,0,41.83720442685217,-83.33044191859632,0.9366666666666665
4256,8336,5160,65528,0,41.83720442685217,-83.31638012341568,0.76
1189,1294,670,578,0,41.83720442685217,-83.30231832823506,1.0
1303,1531,776,662,0,41.83720442685217,-83.28825653305442,0.9966666666666667
1139,1164,481,362,0,41.83720442685217,-83.2741947378738,1.0
1139,1164,481,362,0,41.83720442685217,-83.26013294269316,1.0
1139,1164,481,362,0,41.83720442685217,-83.24607114751254,1.0
1008,858,297,143,0,41.83720442685217,-83.23200935233191,0.97
1008,858,297,143,0,41.83720442685217,-83.21794755715128,0.97
1008,858,297,143,0,41.83720442685217,-83.20388576197064,0.97
1017,862,289,141,0,41.83720442685217,-83.18982396679002,0.99
1017,862,289,141,0,41.83720442685217,-83.17576217160939,0.99
1017,862,289,141,0,41.83720442685217,-83.16170037642875,0.99
1025,859,268,138,0,41.83720442685217,-83.14763858124813,0.99
1652,2281,1779,1244,0,41.82314263167154,-83.33044191859632,0.9816666666666667
1189,1294,670,578,0,41.82314263167154,-83.31638012341568,1.0
1011,865,373,143,0,41.82314263167154,-83.30231832823506,0.97
1011,865,373,143,0,41.82314263167154,-83.28825653305442,0.97
1000,852,344,143,0,41.82314263167154,-83.2741947378738,0.97
1000,852,344,143,0,41.82314263167154,-83.26013294269316,0.97
1000,852,344,143,0,41.82314263167154,-83.24607114751254,0.97
993,837,286,135,0,41.82314263167154,-83.23200935233191,0.97
993,837,286,135,0,41.82314263167154,-83.21794755715128,0.97
993,837,286,135,0,41.82314263167154,-83.20388576197064,0.97
1007,838,283,129,0,41.82314263167154,-83.18982396679002,0.97
1007,838,283,129,0,41.82314263167154,-83.17576217160939,0.97
1007,838,283,129,0,41.82314263167154,-83.16170037642875,0.97
1029,864,281,139,0,41.82314263167154,-83.14763858124813,0.99
1073,954,420,155,0,41.80908083649091,-83.33044191859632,0.99
1011,865,373,143,0,41.80908083649091,-83.31638012341568,0.97
1011,865,373,143,0,41.80908083649091,-83.30231832823506,0.97
1011,865,373,143,0,41.80908083649091,-83.28825653305442,0.97
991,848,295,135,0,41.80908083649091,-83.2741947378738,0.97
991,848,295,135,0,41.80908083649091,-83.26013294269316,0.97
991,848,295,135,0,41.80908083649091,-83.24607114751254,0.97
984,829,273,130,0,41.80908083649091,-83.23200935233191,0.95
984,829,273,130,0,41.80908083649091,-83.21794755715128,0.95
984,829,273,130,0,41.80908083649091,-83.20388576197064,0.95
990,827,276,128,0,41.80908083649091,-83.18982396679002,0.97
990,827,276,128,0,41.80908083649091,-83.17576217160939,0.97
990,827,276,128,0,41.80908083649091,-83.16170037642875,0.97
1000,828,262,133,0,41.80908083649091,-83.14763858124813,0.97
1064,987,344,154,0,41.795019041310276,-83.33044191859632,0.99
1001,864,316,138,0,41.795019041310276,-83.31638012341568,0.97
1001,864,316,138,0,41.795019041310276,-83.30231832823506,0.97
1001,864,316,138,0,41.795019041310276,-83.28825653305442,0.97
991,848,295,135,0,41.795019041310276,-83.2741947378738,0.97
985,839,269,65528,0,41.795019041310276,-83.26013294269316,0.94
973,829,285,65528,0,41.795019041310276,-83.24607114751254,0.94
985,839,269,65528,0,41.795019041310276,-83.23200935233191,0.94
970,818,266,65528,0,41.795019041310276,-83.21794755715128,0.94
982,823,252,65528,0,41.795019041310276,-83.20388576197064,0.94
992,827,252,65528,0,41.795019041310276,-83.18982396679002,0.95
972,809,261,65528,0,41.795019041310276,-83.17576217160939,0.94
992,827,252,65528,0,41.795019041310276,-83.16170037642875,0.95
976,802,247,65528,0,41.795019041310276,-83.14763858124813,0.94
1003,861,302,117,0,41.780957246129645,-83.33044191859632,0.97
1016,880,304,65528,0,41.780957246129645,-83.31638012341568,0.98
992,847,294,65528,0,41.780957246129645,-83.30231832823506,0.95
992,847,294,65528,0,41.780957246129645,-83.28825653305442,0.95
973,829,285,65528,0,41.780957246129645,-83.2741947378738,0.94
968,822,252,104,0,41.780957246129645,-83.26013294269316,0.95
973,829,285,65528,0,41.780957246129645,-83.24607114751254,0.94
985,839,269,65528,0,41.780957246129645,-83.23200935233191,0.94
958,799,261,121,0,41.780957246129645,-83.21794755715128,0.95
954,801,248,65528,0,41.780957246129645,-83.20388576197064,0.94
992,827,252,65528,0,41.780957246129645,-83.18982396679002,0.95
958,792,256,119,0,41.780957246129645,-83.17576217160939,0.95
992,827,252,65528,0,41.780957246129645,-83.16170037642875,0.95
1003,829,254,65528,0,41.780957246129645,-83.14763858124813,0.95
1016,880,304,65528,0,41.766895450949015,-83.33044191859632,0.98
1068,886,304,65528,0,41.766895450949015,-83.31638012341568,0.98
1034,847,289,127,0,41.766895450949015,-83.30231832823506,0.99
1034,847,289,127,0,41.766895450949015,-83.28825653305442,0.99
971,813,279,123,0,41.766895450949015,-83.2741947378738,0.95
961,812,263,65528,0,41.766895450949015,-83.26013294269316,0.94
971,813,279,123,0,41.766895450949015,-83.24607114751254,0.95
961,812,263,65528,0,41.766895450949015,-83.23200935233191,0.94
982,823,252,65528,0,41.766895450949015,-83.21794755715128,0.94
953,798,251,65528,0,41.766895450949015,-83.20388576197064,0.94
953,798,251,65528,0,41.766895450949015,-83.18982396679002,0.94
992,827,252,65528,0,41.766895450949015,-83.17576217160939,0.95
949,786,238,65528,0,41.766895450949015,-83.16170037642875,0.94
1003,829,254,65528,0,41.766895450949015,-83.14763858124813,0.95
1016,880,304,65528,0,41.752833655768384,-83.33044191859632,0.98
1133,913,326,65528,0,41.752833655768384,-83.31638012341568,0.99
995,858,284,65528,0,41.752833655768384,-83.30231832823506,0.95
1054,857,293,65528,0,41.752833655768384,-83.28825653305442,0.98
995,858,284,65528,0,41.752833655768384,-83.2741947378738,0.95
969,816,263,65528,0,41.752833655768384,-83.26013294269316,0.94
969,816,263,65528,0,41.752833655768384,-83.24607114751254,0.94
969,816,263,65528,0,41.752833655768384,-83.23200935233191,0.94
953,798,251,65528,0,41.752833655768384,-83.21794755715128,0.94
953,798,251,65528,0,41.752833655768384,-83.20388576197064,0.94
965,805,250,123,0,41.752833655768384,-83.18982396679002,0.95
961,927,448,300,0,41.752833655768384,-83.17576217160939,0.95
961,927,448,300,0,41.752833655768384,-83.16170037642875,0.95
961,927,448,300,0,41.752833655768384,-83.14763858124813,0.95
1191,932,340,156,0,41.73877186058776,-83.33044191859632,1.0
1191,932,340,156,0,41.73877186058776,-83.31638012341568,1.0
1102,882,305,135,0,41.73877186058776,-83.30231832823506,1.0
1102,882,305,135,0,41.73877186058776,-83.28825653305442,1.0
1102,882,305,135,0,41.73877186058776,-83.2741947378738,1.0
1003,836,277,125,0,41.73877186058776,-83.26013294269316,0.97
1003,836,277,125,0,41.73877186058776,-83.24607114751254,0.97
1003,836,277,125,0,41.73877186058776,-83.23200935233191,0.97
965,805,250,123,0,41.73877186058776,-83.21794755715128,0.95
965,805,250,123,0,41.73877186058776,-83.20388576197064,0.95
965,805,250,123,0,41.73877186058776,-83.18982396679002,0.95
961,927,448,300,0,41.73877186058776,-83.17576217160939,0.95
969,800,246,121,0,41.73877186058776,-83.16170037642875,0.95
969,800,246,121,0,41.73877186058776,-83.14763858124813,0.95
1234,970,351,151,0,41.72471006540713,-83.33044191859632,1.0
1234,970,351,151,0,41.72471006540713,-83.31638012341568,1.0
1107,896,317,137,0,41.72471006540713,-83.30231832823506,1.0
1107,896,317,137,0,41.72471006540713,-83.28825653305442,1.0
1107,896,317,137,0,41.72471006540713,-83.2741947378738,1.0
1044,852,283,127,0,41.72471006540713,-83.26013294269316,0.99
1044,852,283,127,0,41.72471006540713,-83.24607114751254,0.99
1044,852,283,127,0,41.72471006540713,-83.23200935233191,0.99
994,821,255,121,0,41.72471006540713,-83.21794755715128,0.97
994,821,255,121,0,41.72471006540713,-83.20388576197064,0.97
994,821,255,121,0,41.72471006540713,-83.18982396679002,0.97
969,800,246,121,0,41.72471006540713,-83.17576217160939,0.95
969,800,246,121,0,41.72471006540713,-83.16170037642875,0.95
969,800,246,121,0,41.72471006540713,-83.14763858124813,0.95
1644,6918,5448,65528,0,41.91536133660588,-83.33190255286132,0.72
1644,6918,5448,65528,0,41.91536133660588,-83.31617987129579,0.72
1106,1035,409,65528,0,41.91536133660588,-83.30045718973022,0.99
1436,6029,3693,65528,0,41.91536133660588,-83.28473450816468,0.9076666666666666
1106,1035,409,65528,0,41.91536133660588,-83.26901182659913,0.99
1088,1007,373,65528,0,41.91536133660588,-83.25328914503356,0.99
1088,1007,373,65528,0,41.91536133660588,-83.23756646346801,0.99
1059,975,348,65528,0,41.91536133660588,-83.22184378190246,0.98
1059,975,348,65528,0,41.91536133660588,-83.2061211003369,0.98
1068,978,344,65528,0,41.91536133660588,-83.19039841877137,0.98
1066,978,332,65528,0,41.91536133660588,-83.1746757372058,0.98
1068,978,344,65528,0,41.91536133660588,-83.15895305564025,0.98
1133,1081,454,201,0,41.899638655040334,-83.33190255286132,1.0
1133,1081,454,201,0,41.899638655040334,-83.31617987129579,1.0
1104,1031,400,192,0,41.899638655040334,-83.30045718973022,1.0
1104,1031,400,192,0,41.899638655040334,-83.28473450816468,1.0
1104,1031,400,192,0,41.899638655040334,-83.26901182659913,1.0
1075,990,362,178,0,41.899638655040334,-83.25328914503356,0.99
1075,990,362,178,0,41.899638655040334,-83.23756646346801,0.99
1053,969,347,176,0,41.899638655040334,-83.22184378190246,0.99
1053,969,347,176,0,41.899638655040334,-83.2061211003369,0.99
1073,977,348,178,0,41.899638655040334,-83.19039841877137,0.99
1073,977,348,178,0,41.899638655040334,-83.1746757372058,0.99
1073,977,348,178,0,41.899638655040334,-83.15895305564025,0.99
1124,1056,450,193,0,41.88391597347478,-83.33190255286132,1.0
1124,1056,450,193,0,41.88391597347478,-83.31617987129579,1.0
1124,1056,450,193,0,41.88391597347478,-83.30045718973022,1.0
1093,1010,397,183,0,41.88391597347478,-83.28473450816468,1.0
1093,1010,397,183,0,41.88391597347478,-83.26901182659913,1.0
1066,981,359,175,0,41.88391597347478,-83.25328914503356,0.99
1066,981,359,175,0,41.88391597347478,-83.23756646346801,0.99
1055,961,352,175,0,41.88391597347478,-83.22184378190246,0.99
1055,961,352,175,0,41.88391597347478,-83.2061211003369,0.99
1055,961,352,175,0,41.88391597347478,-83.19039841877137,0.99
1072,967,351,176,0,41.88391597347478,-83.1746757372058,0.99
1072,967,351,176,0,41.88391597347478,-83.15895305564025,0.99
1111,1033,421,192,0,41.86819329190923,-83.33190255286132,1.0
1111,1033,421,192,0,41.86819329190923,-83.31617987129579,1.0
1111,1033,421,192,0,41.86819329190923,-83.30045718973022,1.0
1087,1000,387,183,0,41.86819329190923,-83.28473450816468,1.0
1087,1000,387,183,0,41.86819329190923,-83.26901182659913,1.0
1062,971,357,174,0,41.86819329190923,-83.25328914503356,0.99
1062,971,357,174,0,41.86819329190923,-83.23756646346801,0.99
1050,954,344,168,0,41.86819329190923,-83.22184378190246,0.99
1050,954,344,168,0,41.86819329190923,-83.2061211003369,0.99
1050,954,344,168,0,41.86819329190923,-83.19039841877137,0.99
1063,957,334,169,0,41.86819329190923,-83.1746757372058,0.99
1063,957,334,169,0,41.86819329190923,-83.15895305564025,0.99
1100,1009,403,65528,0,41.85247061034367,-83.33190255286132,0.99
1100,1009,403,65528,0,41.85247061034367,-83.31617987129579,0.99
1100,1009,403,65528,0,41.85247061034367,-83.30045718973022,0.99
1078,986,351,65528,0,41.85247061034367,-83.28473450816468,0.98
1078,986,351,65528,0,41.85247061034367,-83.26901182659913,0.98
1050,957,320,65528,0,41.85247061034367,-83.25328914503356,0.98
1062,969,354,65528,0,41.85247061034367,-83.23756646346801,0.98
1052,952,338,65528,0,41.85247061034367,-83.22184378190246,0.98
1044,943,322,65528,0,41.85247061034367,-83.2061211003369,0.98
1044,943,322,65528,0,41.85247061034367,-83.19039841877137,0.98
1062,947,310,65528,0,41.85247061034367,-83.1746757372058,0.98
1062,947,310,65528,0,41.85247061034367,-83.15895305564025,0.98
1132,1065,388,65528,0,41.836747928778124,-83.33190255286132,0.99
1097,1010,367,65528,0,41.836747928778124,-83.31617987129579,0.99
1097,1010,367,65528,0,41.836747928778124,-83.30045718973022,0.99
1078,986,351,65528,0,41.836747928778124,-83.28473450816468,0.98
1078,986,351,65528,0,41.836747928778124,-83.26901182659913,0.98
1050,957,320,65528,0,41.836747928778124,-83.25328914503356,0.98
1050,957,320,65528,0,41.836747928778124,-83.23756646346801,0.98
1050,957,320,65528,0,41.836747928778124,-83.22184378190246,0.98
1044,943,322,65528,0,41.836747928778124,-83.2061211003369,0.98
1048,953,321,65528,0,41.836747928778124,-83.19039841877137,0.98
1062,947,310,65528,0,41.836747928778124,-83.1746757372058,0.98
1062,947,310,65528,0,41.836747928778124,-83.15895305564025,0.98
1122,1028,381,65528,0,41.821025247212575,-83.33190255286132,0.99
1091,996,364,65528,0,41.821025247212575,-83.31617987129579,0.99
1091,996,364,65528,0,41.821025247212575,-83.30045718973022,0.99
1073,985,355,65528,0,41.821025247212575,-83.28473450816468,0.98
1073,985,355,65528,0,41.821025247212575,-83.26901182659913,0.98
1073,985,355,65528,0,41.821025247212575,-83.25328914503356,0.98
1056,969,332,65528,0,41.821025247212575,-83.23756646346801,0.98
1056,969,332,65528,0,41.821025247212575,-83.22184378190246,0.98
1050,962,327,65528,0,41.821025247212575,-83.2061211003369,0.98
1050,962,327,65528,0,41.821025247212575,-83.19039841877137,0.98
1054,959,318,65528,0,41.821025247212575,-83.1746757372058,0.98
1051,954,314,178,0,41.821025247212575,-83.15895305564025,0.99
1116,1026,387,196,0,41.80530256564702,-83.33190255286132,1.0
1088,997,375,180,0,41.80530256564702,-83.31617987129579,1.0
1088,997,375,180,0,41.80530256564702,-83.30045718973022,1.0
1088,997,375,180,0,41.80530256564702,-83.28473450816468,1.0
1078,994,366,188,0,41.80530256564702,-83.26901182659913,0.99
1078,994,366,188,0,41.80530256564702,-83.25328914503356,0.99
1064,984,342,178,0,41.80530256564702,-83.23756646346801,0.99
1064,984,342,178,0,41.80530256564702,-83.22184378190246,0.99
1049,958,326,174,0,41.80530256564702,-83.2061211003369,0.99
1049,958,326,174,0,41.80530256564702,-83.19039841877137,0.99
1051,949,311,170,0,41.80530256564702,-83.1746757372058,0.99
1051,949,311,170,0,41.80530256564702,-83.15895305564025,0.99
1113,1016,391,188,0,41.78957988408146,-83.33190255286132,1.0
1095,1009,389,190,0,41.78957988408146,-83.31617987129579,1.0
1095,1009,389,190,0,41.78957988408146,-83.30045718973022,1.0
1095,1009,389,190,0,41.78957988408146,-83.28473450816468,1.0
1092,1012,377,194,0,41.78957988408146,-83.26901182659913,1.0
1092,1012,377,194,0,41.78957988408146,-83.25328914503356,1.0
1068,983,345,178,0,41.78957988408146,-83.23756646346801,0.99
1068,983,345,178,0,41.78957988408146,-83.22184378190246,0.99
1052,961,326,174,0,41.78957988408146,-83.2061211003369,0.99
1059,968,330,176,0,41.78957988408146,-83.19039841877137,0.99
1059,968,330,176,0,41.78957988408146,-83.1746757372058,0.99
1049,947,311,167,0,41.78957988408146,-83.15895305564025,0.99
1134,1025,383,187,0,41.77385720251591,-83.33190255286132,1.0
1104,1018,389,188,0,41.77385720251591,-83.31617987129579,1.0
1104,1018,389,188,0,41.77385720251591,-83.30045718973022,1.0
1104,1018,389,188,0,41.77385720251591,-83.28473450816468,1.0
1097,1022,379,192,0,41.77385720251591,-83.26901182659913,1.0
1097,1022,379,192,0,41.77385720251591,-83.25328914503356,1.0
1070,991,339,177,0,41.77385720251591,-83.23756646346801,0.99
1070,991,339,177,0,41.77385720251591,-83.22184378190246,0.99
1049,955,327,65528,0,41.77385720251591,-83.2061211003369,0.98
1054,964,337,65528,0,41.77385720251591,-83.19039841877137,0.98
1054,964,337,65528,0,41.77385720251591,-83.1746757372058,0.98
1041,937,299,65528,0,41.77385720251591,-83.15895305564025,0.98
1118,1012,385,65528,0,41.758134520950364,-83.33190255286132,0.99
1118,1012,385,65528,0,41.758134520950364,-83.31617987129579,0.99
1097,1016,389,65528,0,41.758134520950364,-83.30045718973022,0.99
1097,1016,389,65528,0,41.758134520950364,-83.28473450816468,0.99
1090,1015,367,65528,0,41.758134520950364,-83.26901182659913,0.99
1090,1015,367,65528,0,41.758134520950364,-83.25328914503356,0.99
1059,979,338,65528,0,41.758134520950364,-83.23756646346801,0.98
1059,979,338,65528,0,41.758134520950364,-83.22184378190246,0.98
1043,946,317,164,0,41.758134520950364,-83.2061211003369,0.99
1054,964,337,65528,0,41.758134520950364,-83.19039841877137,0.98
1054,964,337,65528,0,41.758134520950364,-83.1746757372058,0.98
1043,1275,399,261,0,41.758134520950364,-83.15895305564025,0.99
1118,1012,385,65528,0,41.74241183938481,-83.33190255286132,0.99
1129,1064,432,65528,0,41.74241183938481,-83.31617987129579,0.99
1097,1016,389,65528,0,41.74241183938481,-83.30045718973022,0.99
1097,1016,389,65528,0,41.74241183938481,-83.28473450816468,0.99
1090,1015,367,65528,0,41.74241183938481,-83.26901182659913,0.99
1090,1015,367,65528,0,41.74241183938481,-83.25328914503356,0.99
1059,979,338,65528,0,41.74241183938481,-83.23756646346801,0.98
1059,979,338,65528,0,41.74241183938481,-83.22184378190246,0.98
1059,979,338,65528,0,41.74241183938481,-83.2061211003369,0.98
1035,940,323,65528,0,41.74241183938481,-83.19039841877137,0.98
1035,940,323,65528,0,41.74241183938481,-83.1746757372058,0.98
1039,934,305,65528,0,41.74241183938481,-83.15895305564025,0.98
1118,1012,385,65528,0,41.72668915781926,-83.33190255286132,0.99
1161,1110,448,65528,0,41.72668915781926,-83.31617987129579,1.0
1107,1078,416,65528,0,41.72668915781926,-83.30045718973022,0.99
1107,1078,416,65528,0,41.72668915781926,-83.28473450816468,0.99
1068,995,376,65528,0,41.72668915781926,-83.26901182659913,0.98
1065,1006,380,190,0,41.72668915781926,-83.25328914503356,0.99
1065,1006,380,190,0,41.72668915781926,-83.23756646346801,0.99
1037,948,339,174,0,41.72668915781926,-83.22184378190246,0.99
1037,948,339,174,0,41.72668915781926,-83.2061211003369,0.99
1032,938,327,163,0,41.72668915781926,-83.19039841877137,0.99
1032,938,327,163,0,41.72668915781926,-83.1746757372058,0.99
1031,933,329,167,0,41.72668915781926,-83.15895305564025,0.99
1470,1828,715,65528,1,41.49084893433597,-82.89166746902586,0.9916666666666666
2388,11833,9701,65528,1,41.49084893433597,-82.87594478746031,0.04
1563,3002,761,65528,1,41.49084893433597,-82.86022210589476,0.9916666666666666
2188,12132,9045,65528,1,41.49084893433597,-82.8444994243292,0.09
1459,2295,1638,928,1,41.47512625277042,-82.89166746902586,0.9916666666666667
1459,2295,1638,928,1,41.47512625277042,-82.87594478746031,0.9916666666666667
1613,7122,3548,2438,1,41.47512625277042,-82.86022210589476,0.8126666666666666
1613,7122,3548,2438,1,41.47512625277042,-82.8444994243292,0.8126666666666666
2205,8721,5087,5154,1,41.45940357120487,-82.89166746902586,0.62
2205,8721,5087,5154,1,41.45940357120487,-82.87594478746031,0.62
2205,8721,5087,5154,1,41.45940357120487,-82.86022210589476,0.62
1980,12008,7535,6612,1,41.45940357120487,-82.8444994243292,0.01
1563,3002,761,65528,1,41.49084893433597,-82.82877674276367,0.9916666666666666
2227,11496,8690,65528,1,41.49084893433597,-82.8130540611981,0.06
1454,1534,580,65528,1,41.49084893433597,-82.79733137963255,0.9916666666666666
2651,9608,6642,65528,1,41.49084893433597,-82.781608698067,0.26
1466,1509,878,65528,1,41.49084893433597,-82.76588601650144,0.9916666666666666
1604,2171,1690,1129,1,41.49084893433597,-82.75016333493589,0.9816666666666667
1604,2171,1690,1129,1,41.49084893433597,-82.73444065337034,0.9816666666666667
1482,3225,1379,65528,1,41.49084893433597,-82.71871797180478,0.9916666666666666
1613,7122,3548,2438,1,41.47512625277042,-82.82877674276367,0.8126666666666666
1497,3177,778,568,1,41.47512625277042,-82.8130540611981,0.9916666666666667
1497,3177,778,568,1,41.47512625277042,-82.79733137963255,0.9916666666666667
1493,1602,621,410,1,41.47512625277042,-82.781608698067,0.9916666666666667
1493,1602,621,410,1,41.47512625277042,-82.76588601650144,0.9916666666666667
1493,1602,621,410,1,41.47512625277042,-82.75016333493589,0.9916666666666667
1598,2347,1202,719,1,41.47512625277042,-82.73444065337034,0.9816666666666667
1598,2347,1202,719,1,41.47512625277042,-82.71871797180478,0.9816666666666667
1371,3198,1032,65528,1,41.49972134251705,-82.82421729209364,0.9616666666666666
2519,4111,3009,1549,1,41.49972134251705,-82.81015549691301,0.9266666666666667
1371,3198,1032,65528,1,41.49972134251705,-82.79609370173237,0.9616666666666666
1302,2389,659,65528,1,41.49972134251705,-82.78203190655174,1.0
1302,2389,659,65528,1,41.49972134251705,-82.76797011137111,1.0
1484,2138,1593,789,1,41.49972134251705,-82.75390831619049,0.9916666666666667
1484,2138,1593,789,1,41.49972134251705,-82.73984652100985,0.9916666666666667
1486,2473,856,844,1,41.49972134251705,-82.72578472582921,0.9916666666666667
1833,5266,2162,1905,1,41.48565954733642,-82.82421729209364,0.9501666666666666
1491,1771,614,294,1,41.48565954733642,-82.81015549691301,0.9916666666666667
1491,1771,614,294,1,41.48565954733642,-82.79609370173237,0.9916666666666667
1491,1771,614,294,1,41.48565954733642,-82.78203190655174,0.9916666666666667
1460,1350,698,278,1,41.48565954733642,-82.76797011137111,0.9916666666666667
1460,1350,698,278,1,41.48565954733642,-82.75390831619049,0.9916666666666667
1460,1350,698,278,1,41.48565954733642,-82.73984652100985,0.9916666666666667
1575,2257,1493,1031,1,41.48565954733642,-82.72578472582921,0.9916666666666667
1616,6072,5126,65528,1,41.49972134251705,-82.89452626799678,0.89
3398,6297,4066,3599,1,41.49972134251705,-82.88046447281616,0.7959999999999999
1694,8021,4793,65528,1,41.49972134251705,-82.86640267763552,0.88
2563,4234,3749,2891,1,41.49972134251705,-82.8523408824549,0.8733333333333334
2563,4234,3749,2891,1,41.49972134251705,-82.83827908727426,0.8733333333333334
3398,6297,4066,3599,1,41.48565954733642,-82.89452626799678,0.7959999999999999
3398,6297,4066,3599,1,41.48565954733642,-82.88046447281616,0.7959999999999999
2214,3797,3794,2676,1,41.48565954733642,-82.86640267763552,0.845
1833,5266,2162,1905,1,41.48565954733642,-82.8523408824549,0.9501666666666666
1833,5266,2162,1905,1,41.48565954733642,-82.83827908727426,0.9501666666666666
2214,3797,3794,2676,1,41.47159775215579,-82.89452626799678,0.845
2214,3797,3794,2676,1,41.47159775215579,-82.88046447281616,0.845
2214,3797,3794,2676,1,41.47159775215579,-82.86640267763552,0.845
1833,5266,2162,1905,1,41.47159775215579,-82.8523408824549,0.9501666666666666
1833,5266,2162,1905,1,41.47159775215579,-82.83827908727426,0.9501666666666666
1681,4281,2565,1622,1,41.45753595697516,-82.88046447281616,0.9816666666666667
1681,4281,2565,1622,1,41.45753595697516,-82.86640267763552,0.9816666666666667
1818,8944,4835,3125,1,41.45753595697516,-82.8523408824549,0.75
1697,7798,4163,65528,1,41.45753595697516,-82.83827908727426,0.88
1270,1803,2881,1902,1,41.49486700384516,-82.89392683191917,1.0
1228,1254,896,525,1,41.49486700384516,-82.87751373889724,1.0
1318,1929,2255,1541,1,41.49486700384516,-82.8611006458753,0.9966666666666667
1269,1531,550,65528,1,41.49486700384516,-82.84468755285334,1.0
1182,1308,394,212,1,41.47845391082322,-82.89392683191917,1.0
1182,1462,438,265,1,41.47845391082322,-82.87751373889724,1.0
1404,3718,2484,2495,1,41.47845391082322,-82.8611006458753,0.9816666666666667
1404,3718,2484,2495,1,41.47845391082322,-82.84468755285334,0.9816666666666667
1184,1261,448,65528,1,41.462040817801274,-82.89392683191917,1.0
1167,1422,462,65528,1,41.462040817801274,-82.87751373889724,1.0
1213,1674,1041,65528,1,41.462040817801274,-82.8611006458753,1.0
1537,8409,4895,3389,1,41.462040817801274,-82.84468755285334,0.79
1269,1531,550,65528,1,41.49486700384516,-82.8282744598314,1.0
1250,1305,442,65528,1,41.49486700384516,-82.81186136680947,1.0
1234,1261,404,65528,1,41.49486700384516,-82.79544827378751,1.0
1183,1294,394,65528,1,41.49486700384516,-82.77903518076558,1.0
1226,1916,2319,65528,1,41.49486700384516,-82.76262208774364,1.0
1246,2112,1419,65528,1,41.49486700384516,-82.7462089947217,1.0
1229,1219,1230,500,1,41.49486700384516,-82.72979590169976,1.0
1560,6901,2720,3162,1,41.47845391082322,-82.8282744598314,0.8043333333333333
1311,2638,617,446,1,41.47845391082322,-82.81186136680947,0.9966666666666667
1250,1298,400,203,1,41.47845391082322,-82.79544827378751,1.0
1214,1227,382,180,1,41.47845391082322,-82.77903518076558,1.0
1212,1191,365,174,1,41.47845391082322,-82.76262208774364,1.0
1191,1210,343,172,1,41.47845391082322,-82.7462089947217,1.0
1196,1059,401,65528,1,41.47845391082322,-82.72979590169976,1.0
1913,2785,1646,65528,1,41.49500547074259,-82.81975654843485,0.9866666666666666
1971,2886,1803,65528,1,41.49500547074259,-82.80552511242236,0.9766666666666666
1846,3298,1844,65528,1,41.49500547074259,-82.79129367640986,0.9866666666666666
1846,3298,1844,65528,1,41.49500547074259,-82.77706224039737,0.9866666666666666
1848,3229,1854,65528,1,41.49500547074259,-82.76283080438488,0.9866666666666666
1848,3229,1854,65528,1,41.49500547074259,-82.74859936837238,0.9866666666666666
1835,3048,1819,65528,1,41.49500547074259,-82.73436793235987,0.9866666666666666
1931,3101,1898,65528,1,41.49500547074259,-82.72013649634738,0.9866666666666666
1913,2785,1646,65528,1,41.48077403473009,-82.81975654843485,0.9866666666666666
1971,2886,1803,65528,1,41.48077403473009,-82.80552511242236,0.9766666666666666
1971,2886,1803,65528,1,41.48077403473009,-82.79129367640986,0.9766666666666666
1861,2634,1631,65528,1,41.48077403473009,-82.77706224039737,0.9866666666666666
1790,2591,1529,65528,1,41.48077403473009,-82.76283080438488,0.9866666666666666
1918,2640,1632,65528,1,41.48077403473009,-82.74859936837238,0.9866666666666666
1918,2640,1632,65528,1,41.48077403473009,-82.73436793235987,0.9866666666666666
2043,2876,2234,65528,1,41.48077403473009,-82.72013649634738,0.9766666666666666
1666,2160,1008,65528,1,41.49500547074259,-82.89091372849734,0.9916666666666666
1606,2106,1400,65528,1,41.49500547074259,-82.87668229248484,0.9916666666666666
1606,2106,1400,65528,1,41.49500547074259,-82.86245085647235,0.9916666666666666
1885,2950,2118,65528,1,41.49500547074259,-82.84821942045986,0.9866666666666666
1852,2822,1567,1351,1,41.49500547074259,-82.83398798444736,0.9666666666666667
1551,2026,1062,806,1,41.48077403473009,-82.89091372849734,0.9916666666666667
1551,2026,1062,806,1,41.48077403473009,-82.87668229248484,0.9916666666666667
1623,2163,1182,65528,1,41.48077403473009,-82.86245085647235,0.9916666666666666
1623,2163,1182,65528,1,41.48077403473009,-82.84821942045986,0.9916666666666666
1913,2785,1646,65528,1,41.48077403473009,-82.83398798444736,0.9866666666666666
1652,2106,1099,65528,1,41.466542598717595,-82.89091372849734,0.9916666666666666
1617,2080,1015,65528,1,41.466542598717595,-82.87668229248484,0.9916666666666666
1623,2163,1182,65528,1,41.466542598717595,-82.86245085647235,0.9916666666666666
1318,4792,3168,65528,1,41.466542598717595,-82.84821942045986,1.0
1363,7550,3805,65528,1,41.466542598717595,-82.83398798444736,0.82
1494,8846,5360,3957,0,41.612215703962086,-82.72578472582921,0.54
1067,920,291,65528,0,41.612215703962086,-82.71172293064859,0.98
1148,1985,602,65528,0,41.612215703962086,-82.69766113546797,1.0
1148,1985,602,65528,0,41.612215703962086,-82.68359934028733,1.0
1414,6454,5104,65528,0,41.598153908781455,-82.72578472582921,0.68
1067,920,291,65528,0,41.598153908781455,-82.71172293064859,0.98
1148,1985,602,65528,0,41.598153908781455,-82.69766113546797,1.0
1105,999,358,163,0,41.598153908781455,-82.68359934028733,1.0
1208,3538,1562,65528,0,41.80908083649091,-82.68359934028733,1.0
1653,10705,5931,65528,0,41.80908083649091,-82.6695375451067,0.16
1208,3538,1562,65528,0,41.80908083649091,-82.65547574992607,1.0
1055,2281,534,65528,0,41.80908083649091,-82.64141395474545,0.98
1004,1186,346,65528,0,41.80908083649091,-82.62735215956481,0.95
1678,9003,4842,65528,0,41.795019041310276,-82.68359934028733,0.79
1883,10280,6189,4590,0,41.795019041310276,-82.6695375451067,0.28
1678,9003,4842,65528,0,41.795019041310276,-82.65547574992607,0.79
1095,1840,511,261,0,41.795019041310276,-82.64141395474545,1.0
1010,1132,330,65528,0,41.795019041310276,-82.62735215956481,0.95
1867,8608,4454,65528,0,41.780957246129645,-82.68359934028733,0.82
1208,3538,1562,65528,0,41.780957246129645,-82.6695375451067,1.0
1867,8608,4454,65528,0,41.780957246129645,-82.65547574992607,0.82
1011,988,270,65528,0,41.780957246129645,-82.64141395474545,0.95
1010,1132,330,65528,0,41.780957246129645,-82.62735215956481,0.95
1633,10023,5141,3482,0,41.766895450949015,-82.68359934028733,0.64
1633,10023,5141,3482,0,41.766895450949015,-82.6695375451067,0.64
1633,10023,5141,3482,0,41.766895450949015,-82.65547574992607,0.64
1000,1571,357,163,0,41.766895450949015,-82.64141395474545,0.97
1000,1571,357,163,0,41.766895450949015,-82.62735215956481,0.97
1274,4906,3928,1306,0,41.752833655768384,-82.68359934028733,0.9441666666666667
1274,4906,3928,1306,0,41.752833655768384,-82.6695375451067,0.9441666666666667
1274,4906,3928,1306,0,41.752833655768384,-82.65547574992607,0.9441666666666667
983,1031,367,129,0,41.752833655768384,-82.64141395474545,0.95
983,1031,367,129,0,41.752833655768384,-82.62735215956481,0.95
